"OECD_sc","Bio_Engage_sc","NGO_Environmental","Fees","ramsar.area.sc","WWT.ind.2020","SNM.ind.2020","MPA.ind.2020","SDA.ind.2020","NXA.ind.2020","mean_annual_funds","MEA_Membership","BEA_Membership","Mitigation_blue_carbon","Adaptation_resilience","NDC_Commit_binary","WGI_GovEff_est","WGI_RQ_est","ramsar.manage"
-0.0400300978800548,-0.37872413173465,-0.242242514505865,0.065950837351354,0.0623742344087756,0.0531144984628471,0.19363120016078,0.167721778988048,0.154268287080765,-0.112756922795423,0.119640491103807,-0.0778265595818794,0.612227563496347,-3.32318812006631,-2.5388148131012,-0.565850590371155,-0.663128534993197,-1.0508285336696,4.03469697144008
0.629447398158032,0.0340634860344435,0.547365393039381,-0.589605336426866,-1.27376217830882,-0.974839246910362,-0.360720089598752,-0.768166776756443,-2.20721231080131,-2.58111811191069,-1.03593342371148,-0.385193771325263,-1.9029187568852,10.0972243317455,-1.45058294531921,-5.4149637160026,-1.14230054824259,-0.916888438331176,-5.17803672324868
0.593302142044093,0.430903521023909,0.316812012178554,-0.709653826303916,-0.0909656562976768,-0.430695577787495,-0.779797836307324,-0.424894433477132,-0.600066200047952,-0.292284688753232,-0.604152227086176,-0.265422683561616,-1.76795904707038,8.77403974412412,9.66586493394323,-5.61265251445415,0.0920623472012942,0.299754152428414,-5.46049739478881
-0.497007316411749,-0.498378302097728,-0.413385346282239,0.582032600508396,0.470373853954254,0.269691902076103,0.889682748038127,0.4690178745006,0.168991462229327,0.333186915007695,0.805399771548277,0.232734174762382,2.29078321124569,-1.57053867611276,-3.71429127443962,1.95101764236127,-0.190629621695844,-0.362272210417269,4.48794303888194
-1.15858970830146,0.0646225413640729,0.0769988886649887,1.32591797505439,0.985659872981562,1.07628318361425,0.873116378993294,1.25648415048942,0.405947850386569,0.52547752623456,2.1209748318698,0.520526974715346,3.19356752779049,8.03242345871321,-3.08369618733844,8.41557621190161,1.63716484932983,1.73238757299082,10.7823553797983
0.409184051070499,0.65335371406209,0.842506051893173,-0.491812705439696,-0.139247230678825,-0.191647066104393,-0.832840009822401,-0.144954949759361,-0.849033507335545,-0.815653302997683,0.0880378616650816,-0.364874612273304,-1.66026600692737,11.9718928222385,8.67008660199102,-7.29201241734349,0.353847540323433,0.0781632504872854,-3.52108270729907
-0.201833863571731,-0.841003942519766,-0.48711577869597,0.150659825120782,-0.508960760177129,0.302904037146563,-0.283605986737202,-0.254796631032258,-0.276717897068183,0.485754812459686,-0.382836545928103,-0.363677291617085,-0.7895622750266,7.95388154096501,8.28769497618532,-0.766701575537517,0.342570674793316,0.358267118976813,-5.25516222040146
0.385703833393005,-0.163462291539024,0.132524341157188,-0.388021915557929,0.48137238506277,-0.874009351391277,0.268701363021272,-0.234265364876053,-1.45601359094813,-0.53510287537984,0.117962289250611,-0.232480811735612,0.579608274848378,14.4840186698437,12.0757074507886,-9.62258822018554,-0.822321568279721,-0.90159714667607,-5.4303107711735
0.419272055013726,0.401326114162707,-0.130804923280997,-0.504583072276079,-1.22605789575608,-0.121792149798365,-0.734236597844376,-0.979825745787998,-0.204304723129689,0.270287593961228,-1.82020645561582,-0.218851844127181,-1.4891390912677,-1.52423990060775,-1.35491075558029,-2.83946999269405,0.49876399598019,0.434592757193716,-8.33634833966815
0.745859828359585,0.399460123510666,1.06261227481569,-0.59488233446486,-0.105812539095304,-0.487283178513446,-0.689008368959214,0.342191701129883,-1.32022396082649,-2.52519282927881,-0.287166004017004,-0.268811965816771,-1.46266880692679,11.4593055437586,7.57859452866467,-1.97999541328243,-0.687046429907564,-0.560952496224517,7.91695479055812
-0.624936799479351,-0.587240231556249,-0.445181043068169,0.785712003327501,0.771287652201348,0.434224326750313,0.956583514087182,0.861984920552665,0.376676861885656,0.278544101090757,0.939536036104714,0.343340288061793,2.71518107751102,-2.36347436741542,-4.59272633289468,7.17322706646416,-0.186626791119424,-0.152292866476172,8.81309001290471
-0.268369487883511,-0.229636447795554,-0.059848024378154,0.135406260059384,-1.04783950047175,0.434685265834417,-0.772622629892865,-0.504061636642685,-0.969301075421452,-0.0291864969539597,-0.0870351569263049,-0.519918270522682,-1.52617907603009,11.5386460641769,8.15925210820117,-4.32825778546098,1.18199812232796,0.717953778339266,-4.38796744727169
-1.14545274267324,-0.936204047548044,-0.713121815559286,1.34277846452826,-0.371534287332991,0.902996021939731,1.17073064336522,0.489061960933382,0.621222650394725,0.733122764104551,0.652688574294942,0.475497836165367,2.52438863679611,-9.39208897645946,-14.9875620670921,10.9656757481014,0.355663037598726,0.542640445814495,1.55651854876264
0.539721334026431,0.0187519529442923,0.0737014781152391,-0.665132809110157,-0.172600716001883,-0.783094536898616,-0.204442944062782,-0.908628988487843,-0.511546885946472,-0.0358721439249483,-0.665941526969454,-0.29206656267637,-1.43872430579346,1.65274190831394,7.34979085148735,-6.92620703595515,-0.634363645411407,-0.597901107310371,-9.27903446223749
0.656554232326212,0.488380385935873,0.29190249490023,-0.790516709074093,0.520691204980721,-0.942074277543858,-0.0425500991354306,-0.636959778567664,-0.41939793397033,-0.113164461373192,-0.132058536278022,-0.0849453071662871,-0.494610760397576,1.35001213560644,7.02845324366326,-8.89436106501246,-0.840769570582965,-0.814085034656582,-7.46065176337008
-1.30070499813949,-0.203294411965606,-0.407414005145098,1.4075654570207,0.881845494331957,1.23270568538818,1.1086463170198,0.976001909041578,0.712325159523211,0.987694771138418,1.87536180925418,0.579488310202432,3.616320613418,0.285440495960486,-4.13717051977736,9.0576689064161,1.69046207034636,1.66160362083494,9.8156907276974
-0.426027862217435,0.252771351884444,0.188024335777222,0.545845703406186,-0.119243852952583,0.674691295425946,0.265059733710789,0.203318037110846,0.037273253461521,-0.0391802882820352,0.542193333252635,0.308148912114053,1.06363262148209,0.0751262522176176,-4.23064476003219,2.73319371480792,1.01688049650705,1.16072361662709,-2.59930926032179
-0.609550480468445,-0.284942859627951,-0.100003820831171,0.728433491292597,0.665558832341149,0.414580122954763,0.711933098808354,0.690216957982215,-0.119743871336471,0.176354430950512,1.40220085632176,0.136700308067615,2.38226896595016,7.8892912903994,-0.780559233737343,0.145245114239895,0.350459973659258,-0.0243016758593528,5.60498433540137
-0.221397482136766,0.112017144530802,0.1418042871737,0.334894382143058,0.283351187260873,0.279034567676595,0.26092374040981,0.280552734915985,0.115280129604942,0.141775355160363,0.643437160424577,0.178027494269322,1.03985197581519,0.845294933716429,-2.53843461278534,0.749145790886633,0.158949202425841,0.25917212574779,-3.07564068233863
0.6695217316016,-0.527205548032026,-0.263793478624041,-0.667277024523229,-1.09404109898798,-1.02431928411476,-0.324890875082258,-0.832594830274623,-0.8704962983022,-0.354085823505592,-2.01835945459445,-0.48712960488055,-1.679050544989,7.19695685154299,-0.7007658933579,-4.64307213267782,-1.53572059496503,-1.2569541156067,-11.9088333624706
-0.0406088251149943,0.324482174147286,0.546818730062657,0.224317436447298,0.676308126391223,0.388220041138856,-0.098814632905432,0.835257451442309,0.189680510449724,-0.753262003810925,0.812890806054771,0.194901802089898,0.531603227549932,1.5043395309801,4.45465546210035,6.37629722415334,0.409328694372205,0.50824891783294,12.7420078468522
-0.786001591913233,-0.714993829241966,-0.612390471563232,0.940399733376944,-0.169733557687174,0.73349564038744,0.818310490848071,0.266249776487277,0.557646568370412,0.755319208967217,0.338525123287639,0.350791827081611,1.77891202408815,-7.30769599163593,-9.02021035115423,8.04452449161379,0.383559314011835,0.592116746367928,-2.78367379976686
0.327644366590911,0.180515490947996,-0.0992390589431777,-0.389631770358146,0.796735429265759,-0.196433356853721,0.0228304657193613,-0.0575258232758347,0.0946966217967573,0.593388843884166,0.351444056055245,-0.0708366115326893,0.899563107505193,0.108632798970634,7.52477065203252,-9.06082717457421,-0.463454614130308,-1.05376131374896,-3.42844112450617
-0.769984940402304,-0.440702909247491,-0.400325509942996,0.808150569385912,-0.896494283665507,0.933305705905213,0.108503303586643,0.0333897053262039,0.581850823928116,0.514168597891142,0.0449143746161496,0.146076197828685,0.124134323820317,-7.72854325305251,-10.5469647740648,8.80427880668653,0.966356758521613,1.01803633807259,0.610651090396693
-1.22048753416971,0.102540458422403,-0.201493277862547,1.28600852914978,0.620484104237279,1.27537990175604,0.859598998865362,0.994282031417747,1.01869862840173,0.812707923448528,1.76411049695316,0.677246945335538,2.49396001062371,-6.54830761829318,-10.9224434187321,10.8483987480858,1.77290367629255,1.7334214525336,10.4857331564477
0.957298051202285,0.353208611303519,0.0451297683254372,-1.1514786349588,-0.315457584911139,-0.965974653614358,-0.919748494801085,-0.816079955925836,-0.189027360814793,-0.0873034390687981,-1.68397713223398,-0.407161708650602,-2.64432988657367,-0.490334957469227,7.03189519458035,-6.41779943632515,-0.775595264277649,-0.753907923764822,-6.04034788124939
0.500613047487482,0.519095589098713,0.427499745759148,-0.502275096972382,0.546480902543027,-0.292214191619286,-0.421790878258211,0.0125717407911621,0.260747076856897,0.0778188835944669,-0.0354430712271439,-0.0408601820508033,-0.826139279436776,0.507662922559623,6.19663370690404,-3.12325239055182,-0.285030601546712,-0.147416984869632,-3.60249211169574
0.623686279235711,-0.350811582484551,-0.246957710947214,-0.747925010596358,-1.51673930781139,-0.568421480631929,-0.884935981371928,-1.15160825666937,-0.199581413002447,-0.121570379344704,-2.02476899628295,-0.63356731596269,-3.29340354430447,-2.67017456831506,-1.44317585606918,-3.29890427124197,-0.864981479564864,-0.871085441030974,-10.6467400176939
0.605928596666675,0.692825544146404,0.558815204709847,-0.609651273423766,0.935202780864173,-0.822307213569672,-0.150447575259164,0.309669561611967,-0.509450599004763,-0.578748412900894,0.163648998597617,-0.0154429697266057,0.11056659871083,8.85895816403723,7.42283503049805,-5.59946363956245,-0.532317297205673,-0.632833748434381,5.2095577339209
-0.130154884143691,-0.94175862163501,-0.687570130516864,0.125695693510294,-0.255167861748278,0.197091064438598,0.485652802975569,-0.195780132582921,-0.187584819488898,0.332277695875639,-0.228373216240396,-0.0446735860856309,1.25166125036124,-2.16336394193944,4.86913884606281,-1.86111369503841,-0.503315889304227,-0.694359058386704,-2.85870527883014
0.52252067141413,0.760759087464904,0.656093028181103,-0.543355712804467,0.604512141888095,-0.655478763934076,-0.330880889466306,0.318566583963016,0.0281241095210119,-0.332672667624178,0.0696885294266608,-0.0104281325786818,-0.634156730259217,7.43198687421144,-0.0809505371228243,-1.66516133096084,-0.354720341022238,-0.14670680920634,3.20846057064759
0.534091391351431,-0.568420763391388,-0.388322928745968,-0.627823674321714,-1.13203476804707,-0.524753924532035,-0.588462518890578,-0.754697834878322,-0.00782449743560341,0.0925481212970499,-1.63546190246609,-0.512365075026048,-2.28247574223711,-5.22884294512544,-2.82516850479742,-3.11126047849554,-1.34636728575371,-1.4766882486311,-8.76872271370551
0.590526259681934,-1.02857180313927,-0.629222230835604,-0.58324894378679,-1.20971193546635,-0.977504364062842,-0.457850525177469,-1.36276046257537,-0.641855800060551,0.0740316885742916,-2.01653358703863,-0.755831686251628,-2.25003769652607,-1.37180392040411,5.75226888262852,-7.56387021295629,-1.83735168504708,-2.11754058865525,-13.8010907420016
-0.985661041257401,-0.59405450962854,-0.632971034091965,1.05238065651431,-0.0162707820267498,0.999559750578807,0.542884496728486,0.572949094212177,0.63031943236461,0.784114746085664,0.409064533646141,0.309346692724046,1.66663807604493,-2.62027157703706,-4.79033134560905,10.7922846677263,1.21640932130691,1.40953118099999,6.93538702536615
1.29287449175246,-0.106238453577955,-0.0634602803022874,-1.50621505015573,-1.051931118965,-1.57178946115003,-0.940327875369213,-1.57552301870949,-0.955543135179869,-0.667107755390018,-2.38333524123822,-0.771056640432864,-3.58550682140238,-0.121698018436171,7.27648288666954,-11.9684620417529,-2.19307636471523,-2.20667576148199,-14.7952854974834
0.819157011002067,1.32177393511149,1.21207270769796,-0.874750276640177,0.726583259399423,-0.216517793317781,-1.00096159483752,0.389180878419304,0.184935255823178,-1.15759415494523,0.509525727325509,-0.0725114887260316,-1.75259619690699,1.7485594538058,6.82153848549414,-3.72155716256521,0.0925758911271423,-0.104355340336652,8.58860606744826
-1.22152374177988,0.0416669531094352,-0.213950867110713,1.31877327472136,0.732348806029493,1.29522695148731,0.828670288885141,1.03595245116328,0.8362401841667,0.794147468852045,1.78954635043722,0.6161712328577,2.9117612863548,-2.02136363438621,-6.57887776624897,10.1380369729185,1.85524042616385,1.85599534509732,11.0174555164689
-1.20712586607694,0.0747112167033893,-0.0699480785515394,1.36413584351236,0.909649150590119,1.16563182093416,1.15869198815224,1.20205689139361,1.08408615080018,0.697318616455594,2.08017044222986,0.850205450003194,3.2176349014177,-8.10537933277142,-13.0451627065365,11.9661922856402,1.32928798269835,1.50869512435897,10.2454199105701
0.667266745007114,0.285427995129019,-0.0890583002995584,-0.78621453397832,0.824734536027658,-0.869624274528973,-0.294896298093145,0.042250225387999,0.281467277326922,0.241924453131312,-0.669142965985973,-0.0823319578411894,-0.541876884180441,-0.934364009433735,6.53491127634883,-2.96481205050418,-0.92654413958849,-0.923054450265999,4.07533868539357
-1.45705957205454,-0.706800736253625,-0.695821266764225,1.60685952606672,0.574165022750529,1.36963827431728,1.22357206763552,0.927687331330332,0.509518540887392,1.06744477616553,1.64086521796001,0.47273189866591,3.99794227299851,2.04713997308515,-2.98311260390587,9.43561242868677,1.60351629571858,1.55084880962198,8.77192306025685
0.334569030920385,0.532440612004176,0.285972177164866,-0.439281044302272,0.429932090797597,-0.502231577611047,-0.0794322286615628,0.0666654711335914,-0.0804672270278906,-0.482413810231925,0.0594997922012961,0.0874341637502169,-0.428058272593069,-0.118459171735555,-1.60289339690473,-0.78839066832241,-0.259002352559223,-0.137986920431595,4.15038144022852
1.11478705989289,1.70313957699923,1.51693439114212,-1.13203968346338,0.170027305925202,-0.940359250826414,-1.01432740105861,-0.0440636417036932,-0.241381837748382,-0.986691384622747,-0.159779422218341,-0.219417934122588,-2.35262310830167,8.44867548928264,-0.500122618876597,-8.69776437859545,-0.366856242192927,-0.491386260783333,-3.85402515126997
-0.733555666719473,-0.406471905489806,-0.35878910625999,0.797448313872772,0.229204078429618,0.673094835808547,0.480341655319914,0.645046068965662,0.691272589377982,0.433793675368631,0.705584412032083,0.298604190809775,1.07271330052442,-6.27322831010928,-7.93424212965353,9.23211814405048,0.423248102290507,0.537371119578717,6.75904886920084
0.808208930702224,0.637211961797999,0.343754658795644,-0.971898905672466,-0.266306775817866,-0.518862173437958,-0.898986375692726,-0.678267505159259,-0.293864858492825,-0.213000844693884,-0.87239392635964,-0.337072849112757,-2.24334126099508,1.44267747664137,7.39330875410186,-7.57031786262444,-0.193818700955145,-0.299889444426341,-5.89712614006028
0.480109053883954,0.424843785874509,0.395667478594694,-0.443125198269784,0.502695150519298,-0.360519461418133,-0.0203120412282488,-0.139621451025316,-0.110583871776792,-0.363870774594783,0.0457778403251796,0.0927934806357906,0.0867286573342149,-0.305492919619903,5.48257446335726,-3.87792560436037,-0.563360195509059,-0.329231350636409,-4.3120062964499
0.453296106752753,0.320114771444397,0.180134963730747,-0.562579116530064,0.257230680361015,-1.02162138415969,-0.00815350847812123,-0.398979553310942,-0.793039081743478,-0.263522617051971,-0.207021071044465,-0.147234094328652,-0.553225561431525,8.00991375991565,0.0974479773888114,-7.02167804578625,-0.822381660439989,-0.749301031591543,-6.68411426380904
0.847586220942911,0.0414785446240432,-0.0800826754882154,-0.979143407164654,0.684157557786256,-1.11270406588823,-0.42199462364133,-0.0711572248033796,-0.059000485861038,-0.152611918915565,-0.872561207650326,-0.270767379733872,-1.28465483238075,1.08055108273867,8.3027951658232,-3.99195410428567,-1.43236451898098,-1.33239889210766,3.36232953145683
0.345384217066912,0.0637717543801464,0.156888658890144,-0.308220266227028,-0.432446452438112,-0.685956092246378,0.0802155198497748,-0.823530532221215,-1.14924122767828,-0.302392229387023,-0.624844011725484,-0.257345806347768,0.043737006823101,9.42749696942842,6.64814350251987,-8.93445769890909,-0.456025967164182,-0.565970782213347,-10.1821111327102
1.28779555643041,0.223663873068695,0.706304939011092,-1.29232287867775,-0.638854779985178,-1.474026159091,-0.868110864036416,-0.69233284883888,-1.12213910184859,-1.41412366318707,-1.63802297592419,-0.593410556168341,-3.13321878943874,9.35441922972886,7.42510930126017,-8.24440178118514,-1.8236001091864,-1.48014764046646,-8.63865106516997
0.565321530349255,0.41440564133161,0.325110970632182,-0.616644020232638,0.675957823939348,-0.41132934163354,-0.353467950254114,0.213453177201521,0.168252921159382,-0.210272458235211,-0.0653512439383737,-0.0438830517225387,-0.495507360932488,0.426295041439328,6.53590782576252,-2.46051311499425,-0.553590856576356,-0.528860237077595,4.15408342092863
-1.01507829814485,-0.544693550764786,-0.497484912615325,1.06988458277028,-0.377948923595356,1.01509648955131,0.374220921569797,0.335757093518779,-0.0393133679711414,0.383592681526927,0.621203862330545,0.210444881166729,1.37224923053085,0.489173659833236,-4.44218593922508,8.35084117021985,1.42261619292345,1.38887510132835,5.37423389920698
-0.248827627239517,-0.237582778832413,-0.110013801203594,0.362778595297469,0.399913307621637,0.215737061816562,0.522016093526255,0.0158704117005402,-0.285102451571442,0.185335778380471,0.668002093255299,0.111817328546839,1.73088950999796,2.29802438711085,5.39592938995766,-2.76230825495935,0.0778941854720847,-0.069055795061089,-3.52904476068842
-0.103608104385361,0.157076263832334,0.245032137344785,0.143614541077323,0.417497209035537,2.49000505984712e-05,0.167165005427416,0.419788556290705,-0.0394166831499324,-0.415400722908713,0.683836767366494,0.0768809155723234,0.450499077667829,1.94956657083379,-1.54802126952887,1.03815317313111,0.0617622810348917,-0.0437734364981811,6.25732003019409
-0.0328545961663067,-0.449801777760521,-0.368819661161069,-0.0129889628449853,0.0996489514921254,-0.0764901782830933,0.148900134676881,-0.126393706995614,0.23130771860607,0.446004759561297,0.178104245945576,-0.133869844078707,0.18083216842558,-4.16255291410636,-2.26204685133282,-3.22354082277043,-0.739100526645132,-1.12478747953061,-4.11217066970121
0.0979145106260431,-1.24334965330349,-0.619498822670838,-0.0724957669007086,-1.50339663526369,-0.270632437166698,-0.0433698772837188,-0.857625549003413,-1.07794034821855,-0.635454646245257,-1.34786317204169,-0.417259871812231,-1.28677625212007,-1.57953488921234,-2.81806616133978,-1.23925803721672,-1.29717352317115,-1.20124927235892,-11.1339477514693
-0.815642012662158,-0.0754021042130072,-0.213486628187885,0.836460754669424,-0.209210395250171,0.907806868931008,0.211181792703955,0.217831172202935,0.747029653768279,0.780353347463751,0.537000892974334,0.306170773246025,0.288672442338188,-6.26864454193801,-8.2328547854414,8.55522515936928,1.2803098587436,1.53310505726312,-2.67987112668907
-0.950985106461427,-0.687500310490148,-0.333992797282385,1.1090366625331,-1.19974796886058,1.15708847526752,0.116872059789068,-0.0174866512266337,0.315951218103106,0.55299826268424,0.0697802801522369,-0.0412110898806381,0.404070243787287,-1.23557832405339,-6.43642378486591,8.37374024256022,1.30637905928696,1.22103899811869,-0.897284807746536
-0.940524343192627,-0.354666437749394,-0.355296312822569,1.08246227867902,0.287837212463205,0.808311493712518,0.886449944784682,0.785508110128732,0.783391216999889,0.463899981199126,1.00666292452838,0.570109213145076,2.03869994161745,-8.51058346422299,-12.4658205787315,11.5390975326642,0.546667268703468,0.883020083340279,6.37724002199242
0.173343880385133,0.157775714509627,0.164738429089284,-0.245120679226963,0.350343880179471,-0.264661648038529,-0.0361507574878884,0.172592454679585,-0.0567575327678912,-0.448918918120682,0.335986923306333,0.0343839362642234,-0.286369593622232,-0.48969265984975,-1.58469637750541,-0.0259750426712463,-0.427185295792093,-0.328936242074466,3.59401048555183
0.452805402868115,0.645338177580803,0.168010988539223,-0.637004545520347,0.600677974279233,-0.124863257396467,-0.647802913897666,0.00115861479657884,0.369803321748917,0.271739578456425,-0.107941417668712,-0.0801949095789417,-0.929167735064607,0.184103033264749,8.17593094392495,-2.96740004598588,0.402336820032493,0.220363219363685,4.86843287762923
-1.31373433921641,-0.613082558725382,-0.593544986943723,1.42549211379781,0.286168999928858,1.27258861269167,1.00663896299474,0.799560554551275,0.435681597995062,0.849740634622316,1.42926994147935,0.450889309230126,3.1913871561965,-0.602920069048699,-5.38974291942118,9.09009678346509,1.48282391388354,1.37403560863754,8.10265514786079
-0.350734304782712,-0.698285901693119,-0.597846231099199,0.417200577380029,-0.766091936686961,0.396726218037395,0.315131546209648,-0.31661066025306,-0.129869138897945,0.502386828322921,-0.424922081630503,-0.00395767167359451,0.899496547363885,-2.31410358936018,-3.4692776971836,1.04924755981459,0.0733518691821658,0.025299705918586,-5.90659563882273
0.360832922246229,0.556604943360076,0.490525090871931,-0.419342775342395,0.245159480220525,-0.38092775894642,-0.162339398389172,-0.0704185021362735,-0.0704262033005588,-0.330741714722038,0.275347706247307,0.0320117269104813,-0.674274201700054,-0.494079945108374,-1.97152071608194,-3.39641105599394,-0.384872334219362,-0.295385306161657,-4.26842942396752
-1.10674864533461,-0.73607012889302,-0.62079247309828,1.20368944955188,-0.111110403145505,1.07861040202141,0.65397741096018,0.618370616232684,0.645515151169561,0.71091958195842,0.730270439075839,0.304750495870928,1.63536950829386,-4.25771153564515,-7.39579685377007,10.9542085597357,1.0889432656749,1.16142150798116,6.81036593771752
1.26327785027397,0.683860615948785,0.49137173938705,-1.38219635591652,0.210072456955066,-1.31688417096615,-0.886185006322919,-0.379211156920745,-0.253137102115088,-0.919321973767584,-1.55517988873457,-0.281729906943876,-2.55235637875924,0.179989754661232,7.02903204549991,-4.35602524781685,-1.31762691097064,-1.06613300410589,2.76362958517644
0.121994320302418,-1.19963104066797,-0.691428245323216,-0.0805072914786958,-0.584915342077911,-0.38062885862582,0.211599513465016,-0.338034428995276,-0.0505498733644205,0.116013554922928,-0.830442336536282,-0.314763674763622,-0.259440473097696,-6.98739038492598,-4.56646865457351,-1.96710229267595,-1.95218001635209,-2.16168707347339,-7.0837431537297
-1.1829473045179,-1.00138034873738,-0.800361433091634,1.33863147150626,-0.821433378538273,1.13721546606732,0.805077117795101,0.282988641811115,0.462026056112428,0.804917785961063,0.170711733270186,0.26986525699791,1.89335159988641,-5.10595342147225,-10.5308819520007,10.7697190447733,1.02441990898424,1.12055480504611,1.4387582394464
0.521963813899545,0.258250011830932,0.252776273643551,-0.619093073400404,1.01935927984715,-0.865931898009605,0.0562635283278908,0.136325626335077,-0.181045079284671,-0.326709976687603,0.294377038387975,-0.0201341578787784,-0.216081833142942,2.29942763019088,6.69415705355358,-3.69769673925112,-1.03222012312649,-0.869367341692523,3.34776532835733
-0.0316973922500664,0.276528455783454,0.161643173814187,-0.0739889637623556,0.265405303775401,0.330531057361333,-0.19294317749166,0.111777902795737,0.0261350393692324,-0.0378731976513704,0.400278282964237,0.00447784381108078,-0.131547165764822,2.2428977712433,6.89554046374552,-0.51575648957799,0.867311022953701,0.709951574343438,5.00805539941026
0.700159857797471,0.216827178245215,0.390456172978487,-0.733088467620096,-1.40936176379593,-0.179860566555492,-1.16757175157595,-0.60672846873421,-0.486017311171647,-1.31808552507806,-1.4014230106451,-0.469360138403405,-3.21079668569401,-0.998682477574962,-1.78615607261449,-2.1286124205902,-0.29949272275918,-0.422841297627776,-1.73285294334572
-0.208253960126037,0.144396970313569,-0.09724807759092,0.265414598280261,-0.476244569083825,0.22569207168895,-0.266089574210244,0.151062487452694,0.463377505652755,0.223087047738735,-0.648992953806375,0.0756198733643447,-0.654342627397534,-2.73307229924928,-6.15126651800894,7.92312297138362,0.775922546258343,0.937512791865323,5.60088061802332
1.89555623458973,1.79594681840257,1.93307269331696,-1.91837582009608,0.4881802624374,-1.56749217990215,-1.56498727046172,0.0324930184647906,-0.600226540378868,-2.46487994054644,-0.795652294236818,-0.384267453299015,-3.78017861994244,9.36346429395673,9.25019862340232,-8.82645150922587,-1.40299694088574,-1.18766152466727,5.23411005983133
0.315177301496885,0.0131964658607433,-0.255860754921053,-0.433729787720848,0.238255795308847,-0.626586214944295,-0.00323834599149333,-0.186971980566155,0.0131418634349155,0.0667310421809991,-0.650314610654527,-0.0509766685506164,-0.23118658804859,-1.85804758558392,-0.773583582323549,-1.22537678942192,-0.626801344959695,-0.674012551948184,3.03072161029912
-0.263962109919655,-0.0417099740979738,0.0050272526184871,0.438693230034615,1.31689666827784,0.106482220392484,0.791510596526812,0.829871058895622,-0.0545044014007214,0.276772965745491,1.11181665735573,0.313881055233035,3.03473655303333,8.37860253763981,6.37750299421136,-0.13747892390859,-0.0434331284597402,0.0185336238857071,5.69335424509348
1.25049880137903,1.48235966741043,1.2914698872286,-1.32177482023314,-0.936789330072086,-0.722456528118057,-1.50460951874256,-0.729308361473792,0.0475449015416887,-0.887520046925424,-1.19071377008408,-0.476184226348304,-3.87354392767096,-1.05411563624623,-2.12243844959912,-8.04559213055141,-0.367600342428628,-0.75106840057718,-5.35386034827059
-0.27373684770944,-0.465980894093828,-0.370635363857522,0.383716451535071,-1.04071099788153,0.434550862013431,-0.182067837764936,-0.165420260809494,0.567892394702118,0.288249501998238,-0.74483914187182,0.0489124526372435,-0.937097715662571,-10.8582146430169,-10.4134129174689,8.37163518654953,0.160818909481172,0.37654407541786,-1.50189031057696
-0.10968626251104,-0.386624270730747,-0.462345850768296,0.135570401829548,0.634858687063986,0.095353031569071,0.391727211469129,0.184001628182621,0.269161747599747,0.47913046297373,0.115534017147986,0.133724488647468,1.37158437945088,-2.11755820689473,5.48559682254816,0.892537965967125,-0.150416078003991,-0.176149492050993,4.0901713379499
0.197269434610898,0.0768437502375043,0.0330832372260992,-0.221957825008459,0.544492190807806,-0.436203353718122,0.183649850786143,-0.00418154533035628,-0.0186662017523212,0.0401437883034401,0.365841815964102,-0.0134597610322015,0.324621312246129,0.0819426014118416,-0.881539366421609,-3.85849488665295,-0.811937804627672,-0.84101240585481,-3.86490031860765
0.519605141050511,-0.249130423209464,-0.272465617608636,-0.667815618333758,0.226877813726767,-0.929000021386783,-0.0946346097561662,-0.522518646369934,-0.308882036906327,0.110088655903244,-0.833212796835608,-0.234756406796185,-1.12141870449543,0.952432224316409,7.11313942336901,-4.42009139364553,-1.0987617663861,-0.874395449162364,-5.79606015891442
-1.07515506364239,0.213164618586453,-0.114486860667593,1.13844495483865,0.545419823552413,1.21331297500647,0.543427796657785,0.98496461226663,1.10398848185126,0.692655322881119,1.48272850406224,0.678977268769799,1.81892680689105,-7.80759308068483,-10.9533079744902,12.315416848527,1.7398472246869,1.89949117800995,10.5075171225995
-0.910608829430201,0.072347139697101,-0.120223187811577,0.94389351980528,0.162805043165426,1.06823099614345,0.30917228311616,0.683289048911393,0.724503352482025,0.538908311231063,0.974106584698546,0.358243491917524,1.15547549438584,-1.85670062820079,-5.84857832632411,9.66734876498538,1.67400400282249,1.77035803515187,8.63611216398671
0.378175087466293,0.235786872171812,-0.0699959732707635,-0.4381608761332,0.544734010136823,-0.648556283835696,0.176145798632759,-0.124091910488959,0.190966528131979,0.360210634232,-0.216278971971962,0.10016698797671,0.377010976492069,-2.74500245834159,-1.50822885828457,-3.21995411616847,-0.801817884210219,-0.69425084191975,-4.12248545785757
0.537563952350233,-0.0156964779795966,-0.120364312331486,-0.637831528437508,0.250559943337413,-0.723732026122194,0.0619963327275729,-0.648799697843699,-0.105228342091858,0.184177880633247,-0.589892143997843,-0.0568117395942273,-0.345543542202324,-3.24408985681137,5.69045039904969,-5.58198950505612,-1.0433317896693,-0.883221048886519,-7.63152656644055
0.463654698519421,-0.444360732862213,-0.356172432784191,-0.56557904625511,-0.105779476228861,-0.935828690562745,-0.0132538105104291,-0.346456648476714,-0.268872291599364,-0.221730001915966,-0.766110512103295,-0.400040725129726,-0.81988687701853,-1.49699193909095,-1.2065985177271,-4.94787693233132,-1.61673079100668,-2.09416143290941,2.40840277143736
-1.24357328800428,-0.0602977839247428,-0.309386608535269,1.34602461693525,0.494945627133629,1.34159064333588,0.834161083561767,0.972509196403748,0.963763779016233,0.820693635565173,1.59859226747138,0.696121053710479,2.75975837782311,-6.45979317156634,-10.261522695798,11.8461699031298,1.77142764879715,1.85727308560778,9.92175926398153
0.0540230148426611,-0.167463976276837,-0.0979514180777377,-0.116173258241471,-0.557013494786555,0.18113881710564,-0.269638511565142,-0.479287838902383,-0.103053183730831,-0.0874315682673886,-0.503141639655003,-0.157341171932089,-1.04000983427197,-1.20523995186359,4.82699296260723,-1.05448920008365,0.231572367166818,0.272377087871417,-4.77994792553996
0.246437815026166,0.172420450089558,-0.0363538834457338,-0.317320209650376,0.595574838864794,-0.527539512405344,0.10455223908526,-0.0245647193847672,0.125084511001902,0.255319139781336,0.0675335175463575,0.0392496544478225,0.0392351742377625,-1.40999187037834,-1.30245716469765,-2.81720663097417,-0.701216529419595,-0.635412982937342,-3.77916965861879
1.20260653870007,1.83964407422809,2.11823505870823,-1.06823871136826,-0.896396390620444,-0.131383856402537,-1.62131367887709,0.24832966017896,-0.296213092407742,-2.95389179559702,-0.438533936079731,-0.164948021612954,-3.7473675112247,0.383853695593658,-5.34077391520944,-0.442898707803469,-0.0706532374265879,0.00378385268431665,6.9000295589554
0.24453131543987,0.757119667544492,0.555412987231125,-0.292956239110377,0.40274150821063,-0.020587477709953,-0.221322266660024,0.124086652964435,0.415053991095836,-0.0130536088400755,0.509991623030313,0.191566789191182,-0.500147191916704,-3.26765619791886,-3.01097429008381,-0.738254635878648,0.111746308767163,0.29799240188061,-3.40546989464485
0.499376014825303,0.575870655439105,0.45392219413927,-0.592977163687384,0.475550671661529,-0.768410844938406,-0.144780440644687,-0.155105094475607,0.0229112777247188,-0.163852833144513,0.125211750092681,-0.0103811606325127,-0.890762862693774,-0.233587779779891,-1.54091114163567,-4.04802268864526,-0.77281039756281,-0.61072264747709,-4.7113750181518
-0.0183002304551462,0.391575014820318,0.333823402027863,0.0626527127954437,0.639657564565938,0.143973217794445,0.309466294148022,0.489410573185773,0.109788317703263,-0.447507762017582,0.737007532122083,0.326833384089882,1.22953526332277,0.172132903111545,-1.74216050104963,1.84756718034691,0.0758669992957212,0.318510739977295,5.03977329745354
0.204529617998964,0.199637738669479,0.0598587765108327,-0.273525276899349,0.811759427104927,-0.260715767425819,0.0318156491315826,0.281314633037965,-0.132186365107141,0.0746029361104804,0.276084629413609,0.00271461857200897,0.637259078884846,8.11134987749833,8.7270243997664,-3.09333364297954,0.0254522541080658,-0.00570653755296723,4.70355822692596
-1.21593029802998,-0.86562409367614,-0.662754927785923,1.42199822399522,-0.371928925486582,1.08854899773647,1.13120753648352,0.599837805091442,0.605971942004848,0.643891130991385,0.781530432475999,0.517871614974494,2.68796655328701,-8.02581171064517,-14.7070085434629,12.0029615314213,0.668854397870331,0.931419361592529,2.68879077040257
-0.854278929966131,-0.0357595542457329,-0.176518346516674,0.917454258387294,0.470416467460716,0.958277988037006,0.394589744175294,0.858027052514915,0.915415341964666,0.571965099088492,1.24365109493803,0.440684000002611,1.49486180258997,-6.23059613820586,-8.19566441364259,9.34238735750231,1.07965942493501,1.06661292928551,9.72975483117359
-0.278608067076316,-0.470248889822324,-0.40471415590422,0.18009694716043,-1.6236605678004,0.549830399089432,-0.515020602920457,-0.874906312520876,0.0152629531911395,0.154249087580551,-1.11762737913013,-0.291712613100383,-1.80064517153475,-4.79254853535773,-3.97894689387094,1.99867922233417,0.677864439330266,0.635568890255666,-7.5244966704827
0.29911753164561,0.476421697232916,0.0990003791629017,-0.45702565406774,-0.147314944420147,0.0911517506296769,-0.600691937449738,-0.348807235348196,0.0671105924462365,-0.0168958564444413,-0.51962353544685,-0.0192468863110085,-1.12578417982987,-0.80197308635859,6.5450474029501,-0.335577943944266,0.836648299980162,0.915358391488986,2.96335402131205
-1.06214406626663,-1.08250425887853,-0.776973545337998,1.2959927178776,-0.402996845053767,0.752028192680003,1.23990837626463,0.468883772960529,0.604880280992482,0.675277664473829,0.43705490047347,0.47318759376097,2.43253445962261,-10.1764235727902,-15.777809147402,11.7380372163595,-0.104689906908585,0.313049031906308,-0.422421351937824
-1.02179201051681,-0.977055781326378,-0.706291332903977,1.2170260106132,-0.0540093122604353,0.773652661055102,1.43721630145197,0.356547902313264,0.107863443106557,0.762059031714824,1.0644449343838,0.355544916459608,3.8789455091876,-2.93860252892118,-8.40486360189461,2.35873648071937,0.0485744221102925,-0.247329203453453,-1.33626004084722
0.639160051382827,0.421670281113469,0.212187807235409,-0.782269808791777,-0.413525343287111,-0.229644082466511,-1.05979862513744,-0.351197971111992,-0.139644576957141,-0.407094304212649,-1.02388729967384,-0.294785666997431,-2.34822557329076,0.819213000627562,7.09637205203012,-1.74444018271054,0.198604324252812,0.182900266471402,3.18834716598378
0.700739392788249,1.05632730326708,0.926178755797118,-0.74368412784892,-0.828386470357478,-0.251980089141114,-0.986564277548333,-0.44039881132631,0.00154072184245897,-0.6485831366869,-0.680206361769693,-0.241558061937771,-2.51682578849574,-0.885155213456013,-2.82886720318833,-4.03587270703302,0.240394580165799,-0.0325931970855632,-2.76283410851814
0.768714162102197,-0.0295549282795913,-0.0788922207642171,-0.907062502525064,-1.46787821330256,-0.5936132590777,-1.02266117669382,-1.26778650299298,-0.301115464847691,-0.227516846626202,-1.95509577014695,-0.588157691842028,-3.32175339785816,-3.36705748276982,-1.36182073205978,-5.46188919871629,-0.714884401413975,-0.861996552188631,-10.8522195819006
-0.400805121777213,-0.712559351923892,-0.215612121300233,0.399539097021172,-0.506140224284408,0.307228541235328,0.133963056914933,-0.060143498238523,-0.750236397693783,-0.162155972343516,0.383642998508012,-0.260535807740879,0.010400334237999,8.83953841846375,5.32114029288588,-1.80029750919863,0.244989326310482,0.0196912060285287,-2.28850608804082
0.28212406747992,0.245451656955032,0.152330772964521,-0.28183157907592,0.531056708334034,-0.362806566114216,0.182774396345098,-0.0497068644353606,-0.421037766224136,0.0352154969489256,0.0174603971635442,0.0551533864655393,0.886604397187941,7.95830551305314,7.3592408842566,-5.52284705684709,-0.12741268099988,-0.0672814050301125,-3.90927408301599
0.645248915178854,0.718795911449729,0.395037538015063,-0.786782536657292,0.398126741190846,-0.268265923699249,-0.988743672158875,0.139607762960151,0.0938050680295008,-0.0184106761888822,-0.3356366715348,-0.275917628501283,-1.47635540003306,7.96956284371478,10.0808215736637,-5.17016017738123,0.357920486546018,0.0171264175656959,5.5599142061656
0.911646491929962,0.0998541022029394,-0.177008177874162,-1.06575748195589,0.0197788849373693,-1.14806061443964,-0.464514082733138,-0.688650406222191,-0.3137399922091,-0.141226430072028,-1.68329268858226,-0.265823493493055,-1.77111587661334,-0.357675048243994,7.39083201438319,-5.18313842190044,-1.15055173628486,-0.916907891981201,-5.34680391758891
-0.343135074743251,0.107603847057001,-0.198608259938185,0.100222857861244,-1.20964705218903,0.974569351127204,-0.766516300313028,-0.835490762878046,0.135840044291185,0.508753226298343,-0.603482291215714,-0.187312971393512,-1.51933697673372,0.0673879843367547,5.90902806645058,0.878408569802308,2.14502472982933,2.03056011109612,-3.95667144830109
0.793034319694007,0.656541181373379,0.668396078873774,-0.8123348558488,-0.41956166714137,-0.812685843744354,-0.649246679484978,-0.412623376600169,-0.0527379911228594,-0.575272400004072,-0.71215727026597,-0.197095417612274,-2.05329408752055,-1.92984883983882,-3.70439772982397,-3.84756800973042,-0.962589383994503,-0.859805530887048,-5.416768007543
-0.33233303504826,0.0132967551266893,0.0521400411089049,0.423932003524835,0.947350096445214,0.399111153694205,0.534237301089921,0.638324913919684,0.272455817246767,0.288268835289798,1.26567764381151,0.274453494685024,1.94236329702119,1.14719024766744,4.68775565041189,0.927292665643234,0.337439702903623,0.221307599000882,5.78741058442862
-1.23544903677674,-0.845157167912651,-0.677439587171777,1.3753736718082,-0.708524880344113,1.29770365844133,0.727849497951587,0.364667622570825,0.523632487068441,0.820929743067908,0.621222927653366,0.277265481218354,1.99310186587824,-5.0479542259298,-10.1540525263988,9.65534501920585,1.27497219272026,1.15705172307416,2.97078626977606
-0.943577446891262,-0.0735548141150943,-0.243668893569705,1.05201714940398,0.550131943645327,0.964491364381237,0.67737749860279,0.924618257271256,0.936067998932113,0.656185582029991,1.2737708565825,0.565416342146038,2.14173942079293,-7.1081761165261,-10.2232216585383,10.1908417662475,0.985416036692366,1.09047687673999,8.78166698775244
0.593746932727563,0.647839291551813,0.546658146284435,-0.700202569926085,0.852379588256718,-0.719238298074308,-0.395301348422535,0.0869990139172623,-0.298457746354462,-0.324611958775621,0.192146721939204,-0.146328544881689,-0.771108071780266,9.39882502655861,10.6704188187577,-5.48351490089624,-0.160126268640628,-0.19277083578476,4.08901970502146
0.49975932366801,-0.600543410847654,-0.480462754672269,-0.59606532167167,0.469510093042154,-0.950454950717667,-0.00718663663363562,-0.28133131110776,-0.20480972134029,0.301351099303222,-0.691829909570091,-0.289838703017651,-0.452476703338481,0.439378345510896,7.5313989392079,-5.46104868310301,-1.62710308790203,-1.64435188558582,-4.97450344003602
0.588987821199552,0.254110511022991,0.19359205263864,-0.730747832448761,0.0794968495312283,-0.950601310677017,-0.206833028911846,-0.784630444102343,-0.538875082993763,0.162000710483296,-0.606210392947257,-0.325445838145349,-1.13821059327284,8.04149317017758,8.67965095978365,-9.3711530098763,-0.626544025146911,-0.658682183433261,-9.81352265868693
-1.01194402558004,0.267529951675762,-0.0945823401054522,1.01860913138728,0.581292513756811,1.11730059275624,0.754448502217872,0.696890526865467,0.71383355616424,0.796199592411949,1.67923808844157,0.60048016098292,2.36119516092559,-2.4262514002698,-5.87643373853366,4.62782367728454,1.77659562619318,1.77616019970476,4.9473507076471
0.152192360166055,-1.02872700572589,-0.55185586347517,-0.0525310514781483,-0.887850519335943,-0.217765053551855,0.183365911895311,-0.368110462298613,-0.221359397440587,-0.185408297338888,-0.920381865493562,-0.240971179533628,-0.167220073461053,-6.1210269105193,-5.48626484599329,-0.773590479369326,-1.66299338583405,-1.7041196329689,-7.2913482366861
-0.952590164647379,-0.497701280535438,-0.528301993291901,0.948688433764411,-0.734687470727908,0.975260502352544,0.515242997952196,-0.0745689358987283,0.274527873418795,0.832089713611998,0.38661679219352,0.194106996670569,1.18775424062766,-2.16862921195472,-6.06340746044852,3.84126770021001,1.38112102941536,1.34372447343226,-2.92813806449677
0.488760824110579,0.260215063713125,0.309337977532977,-0.538463474345971,0.838803468606674,-0.499510111195517,-0.181597546379185,0.258410779518927,-0.0287528430104058,-0.521216840947355,0.263186242381226,-0.05123699322489,-0.493876510214411,1.31940171821675,6.53837337815971,-2.29224354663343,-0.797497294973462,-0.713012449752404,4.80086936703572
-0.0376673480498801,0.0354299430614925,0.0497523723675883,0.0579066667512108,0.641827996608777,0.187859390546427,0.0447712730225721,0.365477749439163,0.267282515842569,0.218874360229685,0.515496083986217,0.056969229524154,0.736922019622562,1.6708218684074,6.41665439292046,-0.0336185256261873,0.292541651977077,0.150159856396284,5.6182935338835
0.786588657203823,0.378212409639356,-0.0442359062683669,-0.974360653757161,0.379664839000235,-1.11763506472967,-0.178635180994399,-0.87076099891023,-0.396578214168148,0.178126863954211,-0.90145950808131,-0.132796118891815,-0.956573780666765,0.148523529314792,7.97967890060598,-8.28803195742048,-0.910926229159324,-0.736326454546506,-8.68480172179046
0.655020426247407,0.877853421339052,0.841347558148599,-0.634827762548908,-0.721933505379221,-0.246098523170584,-0.771772208955368,-0.362415974571618,0.203821169947173,-0.551948147791722,-0.611727936928762,-0.14741493501252,-2.09091139126925,-3.35997010152906,-4.05395450774825,-2.56172476210346,-0.000251339175742358,-0.166431712334037,-2.72636328462724
0.296047448415819,0.161874566973888,-0.0799592743135525,-0.416956005923534,-0.203285985231513,-0.0373445047624176,-0.587130622442671,-0.113106008093652,0.445755938158237,0.108171275624216,-0.686327118675497,-0.110581307518474,-1.21223977602056,-4.84867316877038,-1.30539158945479,0.798795654934781,0.0121389986332011,-0.0900081927973552,3.48023051623339
-0.0102517933384398,-0.161145585204009,-0.339346310061564,-0.0289558019000152,0.453965586268269,0.110000134021891,0.126424066961066,0.306582714730359,0.460229065449923,0.4403162115191,0.0444214980880759,0.082139786882733,0.932436352587238,-3.03269142238769,-0.717374061200902,0.680180945857376,-0.182813579153086,-0.356503252470224,4.7105930981628
-0.635170489902619,-0.823944983601995,-0.725699507959143,0.698760592828468,-0.131881094616158,0.445895352635655,0.904087535207775,-0.260187773602688,0.0843932390339454,0.827997326684276,0.40957048199269,0.166958974881655,2.02241761193976,-3.85569707730617,-3.21788394191152,0.657832910336486,0.0273592431025166,-0.0118814106769532,-7.0409652482008
-0.692927873563607,-0.823532460891339,-0.580536084624554,0.835015098971946,0.576927050998343,0.378859422655685,1.01850158672354,0.694383518585062,0.420216139402033,0.511482013160798,0.918754304506167,0.292600044846198,2.31342284914652,-3.86837457777145,-5.50988801669867,7.34976147722216,-0.292015355853143,-0.234157917578531,6.20425955037734
-0.423061101954089,0.0186888350254483,-0.0427533986622228,0.362255944389422,0.332741836633357,0.711322265573533,-0.2966551635057,0.494217715776746,0.104155142415332,0.366766852238945,0.692539699579596,-0.0948292701533954,0.444193258783788,9.077518595903,8.10293900338605,0.654642060410561,1.30828028776253,1.0014569564585,7.17147587701742
-0.929642899967359,0.303563365076719,-0.0260859310881452,0.919389437004644,1.01195064055918,0.973413867262346,0.799808667428376,0.864478365411125,0.766146409495169,0.74215649539007,2.01645319664755,0.643761283627439,2.51442656531062,-2.42453217955351,-5.07276316236737,4.54732106511395,1.45783721748965,1.53725973041377,6.01584160471112
-1.18679017013613,0.00974453979525541,-0.0462562772015728,1.34198602106565,1.22660250956176,0.9909596511894,1.35806385399083,1.13315491840806,0.269826002989516,0.767757499088175,2.40868320733328,0.612565760505491,4.41321050275087,8.28099849643437,-2.03416022391629,3.42926812097882,1.45109138841104,1.34352981183491,7.29171659313551
-0.0787630492115997,-0.0126339325282766,-0.0749339840345403,0.0333194534573761,-0.213465644126318,0.27753548957618,0.216445988828083,-0.198633079121113,-0.275175685446632,-0.174465100021672,0.0219839984799918,0.0984266029973595,0.619755188701051,0.694884324603852,4.8002548397771,-1.06183727823491,0.588281042948656,0.552440481420636,0.359366214236354
0.887016447183734,0.953300307205925,0.852212216234995,-0.936143694779031,-0.908092719973789,-0.862227993439472,-0.760032052736268,-0.875683073243684,-0.847609362526546,-1.02326829530444,-1.04996377305594,-0.252646932814693,-2.56879431514587,1.33912019826845,-2.57343737467532,-6.56422835662521,-0.565531451458784,-0.463378686388555,-9.74252428713373
0.527383550744984,-0.38919987676044,-0.297331066996327,-0.5831679933889,0.77438714583405,-0.677230130187128,0.0584388262569527,0.160411297017779,-0.229723197258303,-0.111062877472045,-0.1285894138013,-0.1856455351612,0.494065588127507,-0.676310264432629,6.90293683129904,-5.91336367002808,-1.73269598413889,-2.09733033354454,3.48312241873893
0.0108950181151858,-0.205738557196804,-0.122941331642737,0.0101992682750642,0.244801428542357,-0.0495034696620787,0.275771877199551,-0.203394685467004,-0.287875895658938,0.226452047750769,0.194180331043343,-0.0621001264740874,0.887271274782411,2.92205218612174,7.02422853060077,-4.38673050294382,-0.0618948027659919,-0.229659838721777,-4.2628481067011
0.480947009175634,-0.795403570192013,-0.462740484657335,-0.560134429607207,-0.322916162926686,-1.12544005134477,-0.0209551136015607,-0.586899864729471,-0.319326520531083,0.0325003041615669,-1.0841419943617,-0.372968370464457,-1.50078422930979,-2.09916224882861,-1.9675459373627,-3.10313697099883,-2.10453051413651,-1.84178978971889,-9.88129667321029
0.543571735030055,0.329188895583504,0.0185595634656598,-0.686473130849616,0.417263542696925,-0.729441374146242,-0.047148214390456,-0.651690203822885,-0.389838939927961,-0.0812733611952438,-0.397881308383608,-0.0466664995225238,-0.425986528582382,0.570259810961708,7.6319242016457,-6.79898311081221,-0.493312961788171,-0.392237175940663,-5.97341162985808
0.600717931706593,0.210924898579156,-0.0884773737389634,-0.709375882382272,0.138328321800171,-0.700702753016206,-0.1354995587485,-0.8170993553681,-0.349692316619373,0.215975423522516,-0.694963088464172,-0.19299481835408,-0.33319988824469,1.32926675219945,8.16392786267773,-8.44405222074703,-0.644361557274405,-0.692566170421138,-8.3159475282991
0.11950544881689,0.109099633117553,0.0801667819420732,-0.114792953549036,-1.09075822179913,0.140632264741562,-0.750139440762545,-0.349271369082813,-0.125966757427616,-0.200416997388171,-0.867189663306523,-0.238270751644447,-1.94448336253501,-0.28196366317926,-3.11354697252456,1.19735738834927,0.485264532509601,0.467089943486114,-2.60458473926731
-0.910411102877255,-0.617916385745493,-0.534630119582002,1.02362141624233,-0.697276834669122,1.07394593080778,0.523251489283671,0.248537080477217,0.588146569499618,0.598922193012654,0.310601965896111,0.303880828674956,1.32138802697031,-7.8718626682768,-10.4887729021536,9.41766084122105,1.00929428546089,1.05510706847201,2.18371391054992
-0.309300022774186,0.663891145465819,1.05876139070024,0.505607033898519,-1.08023107420569,0.892411741156464,-0.757882915899635,0.294394264035724,0.28780563065637,-0.987183524852297,0.233542827410747,-0.0244496855661674,-1.81911852146845,-0.402416522396046,-8.57097094467339,8.59325712802971,1.37099853301302,1.4132024547579,5.62344175022399
0.243715303419321,-0.646451907660623,-0.56034842789535,-0.268324909575232,-0.380631250828182,-0.199039389474352,0.0875185041464097,-0.801230227506757,-0.19434037338328,0.411498927815927,-0.883770187508417,-0.158693800780999,-0.0239284178862839,-3.07023790303309,6.24285934845885,-3.66018607898824,-0.716792970291235,-0.570452263436586,-9.92222775848641
