"OECD_sc","Bio_Engage_sc","NGO_Environmental","Fees","ramsar.area.sc","WWT.ind.2020","SNM.ind.2020","MPA.ind.2020","SDA.ind.2020","NXA.ind.2020","MEA_Membership","BEA_Membership","Mitigation_blue_carbon","Adaptation_resilience","NDC_Commit_binary","WGI_GovEff_est","WGI_RQ_est","ramsar.manage"
-0.00935911914501269,-0.312261050781502,-0.199249822770538,-0.012314240289461,-0.0363774591569695,0.147968478709554,0.16339207278205,0.179604621564433,0.217919640758226,-0.299425760899102,-0.0827828055205272,0.643802920046351,-3.34367620810433,-3.05537627668813,-0.323247159546426,-0.645338848354025,-1.00541330125291,4.0962423040432
0.615034888476703,0.115680863765549,0.485472819165998,-0.542248948627384,-1.22218998684201,-1.020151543469,-0.384876112093245,-0.811331869456323,-2.5070310318323,-3.23266183108334,-0.386284162917866,-1.85844903286012,9.60538021127405,-1.97852372731817,-5.50073610971122,-1.13020258452854,-0.910180636914971,-5.68316745729572
0.600056747714645,0.363711986224806,0.335579799652377,-0.66093972749302,-0.158885316910029,-0.405311305023283,-0.839200407181696,-0.429273825539182,-0.629350416342345,-0.198708184923975,-0.271383583599851,-1.90886884859542,8.59321490129038,10.0297859051747,-5.42324937401015,0.0889912042809134,0.293919778092006,-6.12691190620456
-0.486239873785648,-0.442753788340382,-0.395696029482608,0.536036344755192,0.477354555618589,0.269723967033841,0.90625224006198,0.491407138699611,0.171042713769682,0.262244946238789,0.23748268967886,2.30289322605944,-1.35578847465616,-3.89129841176266,1.98662201271136,-0.173539684719723,-0.335263561062451,4.47837643109642
-1.13566840228336,0.0984518299150404,-0.0281870092988742,1.34968254425423,0.836221726401689,1.06148361430314,0.842270689750162,1.20210222757341,0.442693994361264,0.636869353650081,0.512442390549381,3.19785556867369,7.70318123936022,-3.77068980301139,8.15005000450218,1.6407619529552,1.72995958049128,10.3811181472119
0.465260413647495,0.57955280913042,0.628682842670215,-0.478698255095749,-0.287524789177869,-0.193875173335097,-0.899764798242626,-0.20658294392987,-0.913263286659172,-0.831881219886699,-0.36187812891265,-1.57938156447835,11.1682287788816,8.93258180967589,-6.48183073812485,0.357131598791185,0.110109927317625,-3.3802848152503
-0.16318154113214,-1.05377120797155,-0.591050828263909,0.110632617353082,-0.61782757098388,0.406427043297356,-0.316034909735149,-0.284432459138884,-0.168512140514146,0.641223317579539,-0.37678011457075,-0.930172247837193,7.69406504411768,8.88844590039463,-0.765032536161674,0.34148705992117,0.366232038163595,-5.41145899231866
0.361868760306462,-0.244822557823598,-0.0370227680233564,-0.334802669646763,0.40277125384524,-0.970898920545201,0.290443211283747,-0.314709704508904,-1.62643581275196,-0.535209492138073,-0.22753883410545,0.578115330173071,13.6805843034873,11.6441814657708,-8.7417411836532,-0.814959614576899,-0.885518590134199,-5.65527017980435
0.167262326279761,0.504778973916059,0.255114608608133,-0.134374970354353,-0.686143818233664,0.0155198425569438,-0.509020249248231,-0.673266935456229,-0.250590597150497,0.268550668285709,-0.146427035205187,-0.923334911947176,0.72919364943915,-2.27110995805758,-3.04698371754367,0.565995854628433,0.405787424524964,-7.58224600265297
0.695241580942072,0.414837465371515,0.859075519513557,-0.611762990618509,-0.0815224640675343,-0.348454347431783,-0.694349543179726,0.453747880581772,-1.49381840863004,-3.15782151757526,-0.237431607380636,-1.27346676089235,10.9844504401046,7.34995523552684,-2.59022575929301,-0.67321233822047,-0.551829408850954,8.13462416560434
-0.654531278675069,-0.511993651718145,-0.415648266096852,0.756905597640268,0.683442319421509,0.516640939587078,0.962321189679847,0.912283395075235,0.354737341819814,0.133909930413993,0.351404962293153,2.72460904667924,-2.94713909127542,-5.47059310644689,7.1038217887473,-0.17095676723834,-0.150707335318606,8.5652510568526
-0.152752622616171,-0.30936447951983,-0.165005045574585,0.0919314757122262,-1.25133294185827,0.355124298287754,-0.946623359688052,-0.697338143539652,-1.05496704908741,0.16073422572254,-0.569124012953734,-1.8582508517625,10.8239773314946,8.17725997537574,-3.28662387892058,1.17562621787468,0.754413078778436,-5.16399775972001
-1.16546194128321,-0.884973100279374,-0.731477351376714,1.32398791170732,-0.188468111568265,0.877128135630839,1.18928893793902,0.561584506262932,0.667341391415727,0.803694619563232,0.484084992183299,2.53611599590769,-9.25700464676635,-15.4887190302335,10.4882294413468,0.370236796371554,0.549235186182501,1.76905253763447
0.549036634795178,-0.12216101608392,-0.0384006377366609,-0.66765627001741,-0.292163121021333,-0.918549036585087,-0.158693458116693,-1.12767682787018,-0.569037539525501,0.0914687009413428,-0.312969953685294,-1.57387979345086,0.993358314526613,7.52535240945921,-6.3931638003256,-0.636150025606247,-0.583365484832235,-9.38180968662675
0.695430537560647,0.451714029852046,0.243792699173111,-0.789731752403635,0.352856490834609,-1.06204713161032,-0.0464984062013604,-0.80287974375461,-0.484023604995239,-0.0688471256375472,-0.0988893919782152,-0.629943621730473,0.529731508889831,6.96312848178234,-7.93246680874524,-0.843653728082585,-0.794428704897449,-7.30613440655393
-1.2985415903474,-0.185469406596884,-0.360672814202613,1.44232222940895,0.778084183483975,1.23336614514847,1.1328958829249,0.971044358661557,0.723288984423006,0.931098537816063,0.581248519373477,3.62363424270966,0.274791290840019,-5.16777974513602,8.97082053378632,1.70197115008536,1.65923813024941,10.4484899834211
-0.449491137940527,0.289158470929893,0.230422600962489,0.63572839229674,-0.0639954011782795,0.759344857624215,0.253755500852703,0.286203331185784,-0.055705850389236,-0.335953274019049,0.329499131973117,1.09994544146705,0.355338069705229,-4.92478103454324,2.54973838207828,1.04028234089471,1.16817576829581,-2.57216717817904
-0.55152162406462,-0.285210976239479,-0.190142670615047,0.684435397916653,0.467862035251972,0.392412548125339,0.662581808017289,0.57690320183468,-0.101793792441279,0.125684393320155,0.118178168313592,2.39632285884799,7.62038281210691,-1.18832307465983,0.24686228089904,0.360323644518797,0.0156345240017852,5.26420320047787
-0.203198753338609,0.14237519423945,0.117754027750683,0.362378936809006,0.165140888342649,0.332946333577203,0.200986330051855,0.28312979617584,0.0980708498374653,0.103096491824761,0.172105798140794,1.05212307091331,0.833208673970675,-3.34516722126233,1.15764498668846,0.161161817653212,0.259056315931165,-3.1404247951906
0.532991611226576,-0.416387751334182,-0.125372293376776,-0.529565647812498,-0.719487038480671,-0.927696370772929,-0.209958232874181,-0.632554049305223,-0.741514607903584,-0.249965017377064,-0.436483769086519,-1.40096984513059,7.09828723565942,-1.27168984504136,-5.14575490845231,-1.51356227894168,-1.28998247233094,-11.2699353044714
-0.0691724038483417,0.313657530475047,0.391697033139425,0.196651779522581,0.54891888708376,0.435692350974285,-0.138871323613757,0.7990367641173,0.10970549002442,-0.893215234813322,0.190565615165753,0.508554731607104,0.83421755186623,4.29997878759476,6.17177234220753,0.418704818876483,0.516076136923249,11.4891931232397
-0.822405794398695,-0.724680801006518,-0.557935251357925,0.984983868774313,-0.106739810937041,0.798135924977316,0.846679183285239,0.345356271728418,0.566326002353737,0.718578598060289,0.364204702629721,1.80583271177827,-7.07068162557235,-9.44516266152271,7.85325791812292,0.400389469024244,0.594026564324545,-2.8813529757046
0.357216091096622,0.187988130230699,-0.0045498589242433,-0.387372789911888,0.644800200603398,-0.132228232411317,-0.0192415947016936,-0.0369764268371219,0.12996191849058,0.626418748311807,-0.0650310343502535,0.909628982733779,0.144247965838931,6.94569926915697,-7.35215717548823,-0.452623202985093,-0.997017160991818,-3.1685742465234
-0.77174575996369,-0.443886587245653,-0.387855248280421,0.818291383616777,-0.841036299627696,0.942833889869901,0.081967951919331,0.0240822075385862,0.620831776302684,0.594603878342531,0.143265575457286,0.0697910674322511,-7.75899990049681,-10.6020433452083,8.70704630922125,0.975017567072797,1.02480990970705,0.333220530690932
-1.18493414142164,0.0822673933787653,-0.198266206272106,1.28277689838111,0.549223968632358,1.22977601288036,0.865180904904285,0.986872233679699,0.99469970680809,0.824121611399458,0.679472602953117,2.50489911728545,-6.20481104457253,-10.1216916139104,10.5439476970744,1.77967260860051,1.77088810887515,10.7934823784188
0.851088123248446,0.391074818306709,0.250638097709207,-1.0022810007851,-0.139509527639608,-0.925605130868779,-0.783894714024382,-0.652440969118771,-0.158697148457797,-0.0800733737362589,-0.360028363800637,-2.37850367417356,0.464850279963924,7.14515840666059,-6.14162497589658,-0.747569769242332,-0.756984922252462,-5.32814434807039
0.511824650950462,0.460697805533557,0.356855305523097,-0.509550346410846,0.411796528171007,-0.229259192081037,-0.449187724708616,0.0190968804475131,0.346558491855344,0.262993140758207,-0.0374204149514253,-0.809333592257262,0.323547339791319,6.12232606076589,-2.81968771490401,-0.284252420293674,-0.14907368456109,-3.69039661183569
0.602094478290112,-0.343049982300023,-0.140391410816868,-0.725028972270682,-1.46696234047064,-0.53427121416617,-0.86527513525338,-1.16277247453968,-0.146829960997077,-0.0742815996600714,-0.640940458818486,-3.29846843287563,-2.63308852198144,-1.76915651551292,-3.50223417647306,-0.850295181450055,-0.872048078266109,-11.0000829787758
0.567261820038085,0.790195812160486,0.568504104958779,-0.569980747935965,1.01597289178121,-0.900692163312084,-0.125405459403228,0.373181322334044,-0.546160392562141,-0.489520761448097,0.0106773567817979,0.188675672670326,9.03495201292595,7.48774742749034,-5.59407144763268,-0.504691456866168,-0.604962105060586,4.8507089440036
-0.17505963840783,-1.00693066711418,-0.6861543416697,0.102980737783809,-0.051610658024617,0.327788342671856,0.509727644066532,-0.0901977024614443,-0.120802081202205,0.313143009218442,-0.023755490908013,1.25267877078475,-2.5167413971581,4.93978429778564,-1.4758151478274,-0.493138080597744,-0.674478075369286,-2.14035171394523
0.502826603147039,0.767491001504676,0.560934013796104,-0.531941131966371,0.57615835812103,-0.682094539915242,-0.349451997760199,0.34067480283802,0.208785307891143,-0.00659815622817729,-0.0205551606228858,-0.61535049934556,7.23473978880018,-0.482118091833456,-1.86298941755575,-0.348634726973002,-0.158419097595883,3.25254829235492
0.502362423999872,-0.571152607646491,-0.335867509193427,-0.626861984150955,-1.05423777297136,-0.465691704129773,-0.57914832998915,-0.679808267298897,0.0875502357277687,0.259042223948931,-0.514086738410722,-2.21224428904192,-4.62295128854746,-3.21680939544696,-2.58350342329079,-1.33101266667278,-1.45852354189626,-8.49667428787643
0.597265499926599,-0.945636909007753,-0.513913674601062,-0.581429923475823,-1.14533088140291,-1.0549409552698,-0.423374459580356,-1.41594874444898,-0.648425791131476,0.13976728669526,-0.754636546826742,-2.20076747162105,-0.707569462722192,5.62947947739196,-7.38627835372944,-1.81621271859633,-2.08746179983025,-14.3189342861603
-1.05523645781127,-0.59473922341616,-0.517509730856141,1.10511912866834,0.0767192606412157,1.07508037527719,0.607045941433416,0.684280247503612,0.668664203735745,0.765993341445126,0.327632059092178,1.69123078478502,-1.98413092225978,-5.36481278511866,9.99287483324764,1.24001285883971,1.39771755206087,7.14836243358697
1.26995201947561,-0.0110507535494022,0.0601911063409986,-1.47062125487474,-0.978347745073537,-1.5923286876278,-0.913431774899192,-1.56881291059963,-0.967245718924416,-0.711441423782787,-0.761524028083872,-3.55321924566898,-0.165288124294768,6.99228823205108,-10.7995979067984,-2.18710186087769,-2.20051414192026,-14.4524548667339
0.891326093926697,1.29366292214497,1.06028630668062,-0.957077969373742,0.421151975747251,-0.161536564498745,-1.114879125115,0.309924902014815,0.207033551967395,-1.34944478078135,-0.100138238961338,-1.83727827605887,1.31583718496153,6.8390093215147,-3.27866752211045,0.0921098976072831,-0.0701551583289217,8.17961539178814
-1.22399139724952,0.0524344773850162,-0.189531683979391,1.35958277636032,0.634441561864768,1.3036707206569,0.835866229472931,1.03954309917705,0.837077879195023,0.749552318231449,0.621635072348273,2.92118239678111,-2.21110768544856,-7.52976830151511,10.1237303742584,1.86866413071231,1.86636723094927,11.2262826474204
-1.18450854334255,0.0342979317914607,-0.188566040176109,1.33291269060261,0.850389624299419,1.12321517697119,1.1709063159439,1.16906466083533,1.06233786706414,0.786364655647928,0.856681134478375,3.22181994759678,-8.55932780585472,-12.535631121801,11.6591802703977,1.334136224042,1.53490234300966,10.0065187749635
0.586271601189709,0.376431480571832,0.128998813733039,-0.748272510414744,0.9378207301646,-0.861440099589523,-0.209841687222369,0.211694620274662,0.378237947159785,0.401518542846584,-0.051965688808264,-0.443735597464781,-0.0576065935082619,6.59377021219417,-3.03296706005308,-0.899702046443118,-0.916882394665134,4.42896882895552
-1.47364514929192,-0.673122266341613,-0.638254437868672,1.63808063806142,0.519414391206626,1.39124350009894,1.25785750171286,0.922572901407606,0.52264245196473,0.979417659458143,0.469191854494339,4.00673254737874,1.98626464691404,-4.27729723561253,9.26356233969775,1.62214537505961,1.53770778325225,9.11079846124941
0.327505096400492,0.524947039878463,0.313385854255041,-0.425875326994097,0.327279072207605,-0.596732835366788,-0.0597665082469022,0.0194686470433975,-0.185399269192861,-0.636988544212207,0.0828814951939047,-0.473149351640573,-0.276416297167086,-1.76881830159316,-0.685861003075496,-0.255616438882653,-0.131883430313845,4.01186000337081
1.12563828762675,1.79984630303751,1.39468788330884,-1.0520068821723,0.119836631836889,-0.968606669039975,-1.06796005524887,-0.016998755238392,-0.143678901942665,-0.845155468680002,-0.215515925094245,-2.17347976249871,8.12395199702813,-0.97557438843353,-7.80986229009522,-0.350576840556875,-0.467888778772821,-3.4834157234511
-0.725764470677903,-0.434066810603331,-0.381433817764633,0.778185873603128,0.112429120372042,0.701127624116049,0.488785495502015,0.651514962562362,0.671112896892528,0.462599868073335,0.3004305034304,1.09780147608821,-6.34972839934832,-7.83503618788844,8.9158816119984,0.433002598445707,0.554299718847759,6.46018118321818
0.801029398775988,0.627984583982522,0.418442294900064,-0.911630577061226,-0.323453927749898,-0.502950478543222,-0.931769142848673,-0.683329990793538,-0.289531515083634,-0.151796960413591,-0.342702488530759,-2.30176545693614,1.39747921157944,7.302888629826,-6.61464874804247,-0.186090101252843,-0.294770736582067,-6.01495713127328
0.477131098589089,0.423061390533388,0.367455814781913,-0.428068937733508,0.451842595320189,-0.279686097812294,-0.0449725750115057,-0.121536819953309,-0.102165270723538,-0.514064615449995,0.0977777673723842,0.0812636845487032,-0.376675401781521,5.3701057080303,-3.73307764853266,-0.569643437392033,-0.336403591493789,-4.2801359145177
0.461204733370761,0.306277272228487,0.174095966329506,-0.483153219541776,0.0854087409329128,-1.13617850627147,-0.00621392621933811,-0.516414593967445,-0.914808607110333,-0.190429767125203,-0.157745888514277,-0.59725645141742,7.7307429943986,-0.287379613028808,-6.47566065022054,-0.812289006522187,-0.724305530826644,-7.46039091484019
0.816049610274323,0.0749275971718338,0.0210706580350751,-1.017979720357,0.651797372120684,-1.12428005320198,-0.375781837766821,-0.0047461732750613,-0.00162552318841669,-0.0530281060758627,-0.263086647933757,-1.27074727451464,1.40987544169973,8.89588253969374,-4.00240866749838,-1.4296549553451,-1.33833271347642,3.25514300955101
0.315802481724936,0.2007101888807,0.198582521655781,-0.210536575884266,-0.17954822913275,-0.824263926762422,0.108540265439803,-0.862309258329424,-1.19749739039118,-0.268850123485191,-0.243507477899021,0.104805142760253,9.5281746611536,6.61892452711079,-8.61130043626519,-0.427719071232563,-0.563193170476499,-9.47851197608256
1.24936569999627,0.263764522646944,0.558388101193708,-1.28868019360251,-0.47920157143018,-1.48411732762141,-0.890393149821083,-0.632939762711803,-1.06034760497128,-1.36193190613911,-0.586471021607691,-3.09342598904341,9.00663310031813,7.79934059245596,-8.32356943413687,-1.83127662919472,-1.4949011935526,-8.26121577081671
0.547769438880054,0.406373208823786,0.291074364317514,-0.641192422456494,0.641674321628703,-0.336130355539203,-0.364816042439688,0.263562667841201,0.260968418027987,-0.0505487557732811,-0.0378693692564251,-0.491558111755386,0.0520980858079158,6.62785036130964,-2.24630035535415,-0.548013356231661,-0.530343309775015,4.07625041402978
-1.05477076050031,-0.587531218911089,-0.49049055328872,1.12676658039876,-0.376470357870832,0.991158260688401,0.399405446926097,0.31197608964449,-0.15085430519601,0.403911298163483,0.213034552782858,1.37344430823424,0.489337406428498,-4.73950229727926,8.17142072870896,1.43908390647508,1.39491207491531,4.68873610307584
-0.238278085189242,-0.256344932700037,-0.16530012578742,0.378811361302347,0.328258778397197,0.232173063880545,0.52033256830291,-0.0303861678628797,-0.370427363915564,0.0304657342344423,0.118009470066505,1.74130926393361,1.96825152727933,5.0747834795758,-2.10479266630718,0.0886666233434553,-0.0508013493626229,-3.52358211475847
-0.0832029263238473,0.132004260052288,0.157560479680783,0.1224592860661,0.213714250816946,-0.0783907925391817,0.179692730486519,0.321994930586325,-0.105482033257161,-0.609228840967367,0.0614709584831851,0.439375620608456,1.63745278571034,-2.24202460964386,1.33400320745133,0.063454874621088,-0.0148360924981409,6.19624453057642
0.0444178985001343,-0.509575823554192,-0.386825506431759,-0.0846010215445188,-0.170476804810162,-0.0426791992360542,0.100978783660962,-0.204284574141904,0.2691448146503,0.441191300677744,-0.154922835802938,0.15105949951584,-4.54832597258138,-2.36913783466517,-2.06588796811374,-0.735542207641541,-1.06574095852563,-4.23989382552239
0.0786429790571375,-1.34738949830247,-0.708376008438227,-0.106327877116988,-1.48787401755038,-0.207712998410501,-0.0504056405211029,-0.899953835221786,-1.22408699519366,-0.706759003266058,-0.42512039415915,-1.28396541637269,-1.8743612474675,-3.00329557546994,-1.39579103017062,-1.29050317206184,-1.19385839187651,-12.3870469061603
-0.791412855988051,-0.117822896185247,-0.198065904098959,0.885577248999673,-0.360849262679232,0.921648665203022,0.204319403815695,0.21133501548883,0.728994651754433,0.811102134770458,0.308333821165158,0.278613960516661,-5.9588096143902,-9.36607105506289,8.56204794407504,1.28683764870615,1.54112642627924,-2.64943814523744
-0.967890145064194,-0.700439755947968,-0.424538359916084,1.1352269207877,-1.10899563276174,1.15565578398201,0.115424954463398,-0.0770875510091531,0.364647100621188,0.735983909032159,-0.0467373142029926,0.415021815681065,-1.29279727372946,-7.32820585660487,8.14208200923111,1.32570282441995,1.21824939736699,-0.83827785715266
-0.950569630696667,-0.343409182926387,-0.381652487415747,1.05927380811192,0.301073834258365,0.827178167660339,0.89810859573709,0.834843615232647,0.786826978927325,0.504968207596816,0.580316335234642,2.0484003577551,-8.60748595784317,-12.3598291097044,11.0783763649445,0.553606774056679,0.888106532955889,6.36931255031249
0.215221688714693,0.0724133230674553,0.0461213980414776,-0.318188980320188,0.086095323829939,-0.286722224319792,-0.0917547516825098,0.0562526770237588,-0.123820164206567,-0.517751743121191,0.00522064570659831,-0.446519940508696,-1.45180970795165,-1.7622678877926,0.485861142220922,-0.440047419204531,-0.313353552541504,3.34534680351005
0.433023818862482,0.592510536891987,0.279585186814149,-0.603468845083569,0.501930620362979,-0.0750505212067846,-0.623722481576445,0.00105404626102176,0.410902227926595,0.382092692593052,-0.0796372342061334,-0.927820310925904,0.44651803184476,8.42775226486376,-2.89042320409366,0.415755845238457,0.223776444401258,4.52421329199927
-1.31817963365504,-0.612205531117004,-0.590905073278793,1.44709312308606,0.274676289797549,1.27340366074084,1.03139457652241,0.789137945496233,0.406574027031445,0.840219790895175,0.456960242996926,3.20269497275761,-0.796271041280185,-6.01335085951728,9.03023735713065,1.50099865241411,1.38505318927624,7.91955007317501
-0.400959267818205,-0.704577488981721,-0.526959815462538,0.463214523862857,-0.558635143296815,0.453293442749773,0.322266165073818,-0.23723080929121,-0.127252881832671,0.582304789639234,0.00496124586311347,0.917322922396044,-1.98965559314086,-3.98082369465618,1.00840427580422,0.0970520900944058,0.0168513374845678,-6.01106498669518
0.418818720852061,0.472965060856297,0.345145253284508,-0.438950339931653,0.0104619611827999,-0.4017884814931,-0.236977859797823,-0.172044712513432,-0.107768238807886,-0.313448277372739,0.00459272419614601,-0.796752840943198,-1.26405735753244,-2.065931304205,-2.27471453096651,-0.395963928445736,-0.276301954893345,-4.35544868991356
-1.12722195083192,-0.774329214913283,-0.617959117553197,1.21220765883532,-0.128676644123975,1.11472663175997,0.693549921522815,0.635849151689568,0.683469681446179,0.74132545111662,0.31709371156716,1.64297794196405,-4.44312447898156,-8.09820588985813,10.5624210402668,1.10115606982375,1.17318689688727,6.49388851314195
1.06544779976344,0.726041089624981,0.583880653961886,-1.22543585911445,0.442881250232148,-1.24322046084907,-0.670499518757128,-0.188960073022472,-0.266878893601587,-0.937454920156012,-0.218568897055111,-2.08003827798871,1.04523840296344,7.0957845408241,-4.71465411668112,-1.28428036358021,-1.07828834330355,2.93989630263248
0.16595623427237,-1.2100772779259,-0.714422243070835,-0.205265021628851,-0.633099184046653,-0.26456107844883,0.162140460070694,-0.284485406023769,0.0416261742286679,0.0980197028605883,-0.315968597006929,-0.222853341491122,-7.31767864091703,-5.00859548971515,-1.25624632269194,-1.94238520768488,-2.12191616536692,-6.67529647059581
-1.25545310603612,-0.94345901701736,-0.721118113275067,1.39781206497134,-0.544405919371262,1.17019541897591,0.855628866473805,0.442889872494343,0.529965024540764,0.796411809743901,0.292196274000072,1.91495350291428,-4.46392809847423,-11.4810013534315,10.3022140100862,1.0486510453195,1.1121702691842,2.44868559109432
0.557482376933407,0.180710238519148,0.102824931587955,-0.705453391902092,0.76679722176693,-0.993349997671758,0.033895581632391,0.00850941302845348,-0.228245021073133,-0.199373997669275,-0.0457831533425549,-0.384874099335195,1.6075138116145,6.99345080309548,-3.05230247507951,-1.05399989102386,-0.858229592675904,3.08964177307505
-0.0417932761895085,0.135546409605938,0.0818597897042967,-0.0787901231077249,0.176416247816762,0.359957316303087,-0.166285525323826,0.0746502663484928,0.00175619746534375,-0.0623922218379344,0.00593440342455503,-0.149321946049393,1.68955228331835,6.86812613854664,-0.155946588250312,0.873848066983381,0.723514465908177,5.3587955254737
0.667639720070618,0.219466351082866,0.420655477157264,-0.71265126833426,-1.36557764228786,-0.0619160139743004,-1.18900230592313,-0.562898659063239,-0.511471395728587,-1.64078724562184,-0.467218947195163,-3.14646041408862,-0.9521627067238,-2.28957549894089,-2.06604696813099,-0.285324367547084,-0.410010730229749,-1.98839072385215
-0.340475307763387,0.2871456560086,0.121908050381765,0.419045637300668,-0.219236524314613,0.19155181780251,-0.154755881342272,0.311603741587747,0.501743577181745,0.277703611853473,0.107752057376433,-0.53527626033044,-1.87414467707586,-7.34883207784911,7.52237189667587,0.809853937529962,0.925269838250631,5.64561493830596
1.90437844309065,1.91383208708305,1.77384668273522,-1.96893289554237,0.476821043227909,-1.54306714012178,-1.61322457738899,0.0623284357080073,-0.558907690236773,-2.68695791790332,-0.373275492231712,-3.65193432595853,8.86571650132337,9.63795708327706,-9.5160257523957,-1.39449076147894,-1.19346892531769,5.21902412670337
0.227377324064744,0.065582489450266,-0.0731127579438954,-0.376273054294376,0.330927494035611,-0.654714936522979,0.125610179654303,-0.134808987290448,-0.0408829768472224,0.036078129541938,-0.031130044487609,-0.092677533568181,-1.18291226072853,-1.01613088195225,-1.6319982776879,-0.59305454030467,-0.665648472927567,2.9710806558879
-0.290476888158924,0.0468050554915564,0.0169888663996332,0.448215261130924,1.40089672449098,0.189045123569236,0.767657934497253,0.95176433279915,0.0664688556801619,0.371954294731596,0.331502273759058,3.05293617402308,8.29264306969091,6.23324601850544,-0.275351837081371,-0.0285084418454609,0.00853162208939462,5.85465850859994
1.20951216682183,1.5237488854986,1.19683749489353,-1.24709836468356,-0.845852856713323,-0.729740570908221,-1.51411590278238,-0.722349086977086,0.171043073337146,-0.694934352053415,-0.472350942955663,-3.65295660173162,-1.25409407462956,-2.54409184128084,-6.9901639866014,-0.352574549055079,-0.71953785493672,-4.69062683286174
-0.342236556920949,-0.472841883169791,-0.327922510287543,0.419476990482759,-0.914132695510485,0.471381663620147,-0.153311827063507,-0.123299793251044,0.59904011016605,0.453103157261529,0.0573370221714903,-0.938151831323962,-10.7867454625636,-10.6886745961196,8.05940377190998,0.173859843357605,0.382469246797495,-2.46747777097288
-0.16980538951664,-0.398364551887145,-0.352154202528252,0.146792070271983,0.693291141967237,0.16849017805958,0.458825882222422,0.26444789050155,0.312415448375702,0.430802260037969,0.156424896004529,1.40154310491272,-1.48734902386267,5.62240675711022,0.39398406291089,-0.128924902713476,-0.17132767534327,3.99216343782891
0.270893666961895,0.0709253784366324,0.0189865273977949,-0.25780645592294,0.230175618146911,-0.45274017873635,0.126205201004449,-0.110057960432311,-0.0256153847962773,-0.0513629642705361,-0.0349723662335685,0.247642906052894,-0.442237039065364,-1.66231868178458,-2.88209916369949,-0.81793590315543,-0.822423574704541,-4.12266569856947
0.513250003085943,-0.308963986560538,-0.223433396677575,-0.650657220611643,0.142848651303089,-0.97630480653869,-0.0311610123676986,-0.542941323391993,-0.316468644434582,0.135617045824967,-0.227989914904112,-1.17579420120074,0.649827355778834,6.98650066586485,-4.25375178175803,-1.1025046949328,-0.873502846962287,-5.85586171140935
-1.05178005330946,0.189778850770879,-0.0949072138100613,1.14540544814236,0.470793959045158,1.20125906009811,0.552533430078488,0.995335282009826,1.06846493276044,0.751778729496213,0.678572961443087,1.82234757630914,-7.20254255698796,-10.5757964546456,11.7254700372906,1.74565323829795,1.92010437779144,10.0464817361561
-0.91886966719174,0.100922888926715,-0.0819029141820547,0.981498745666549,0.110435576074611,1.06641034967855,0.316915087673676,0.702381916413827,0.747828245764775,0.54575088189463,0.364450489416234,1.16599388350305,-1.67100763085464,-6.49282791765532,9.43210113868819,1.68115152094248,1.7695043565494,8.64476551163851
0.347817439134714,0.285856991796916,0.0699542578412347,-0.390875819483983,0.543103114746097,-0.667490514175415,0.203437771395147,-0.0681335774507483,0.241141081801702,0.376989576198644,0.110166879468525,0.386519681724592,-2.35414746879698,-2.21204630384442,-2.89272130377809,-0.788804934860277,-0.693163441405605,-3.91876856992976
0.513878852210873,-0.0872166842057518,-0.114584413634122,-0.62878965012761,0.244124225575874,-0.705847576594769,0.109008058142872,-0.689958693023722,-0.0635810048567998,0.265286767025506,-0.0479417902045453,-0.371177064394682,-3.628995944708,5.97035407629118,-5.32126280565308,-1.03795307617319,-0.878352459845731,-7.73401631015551
0.470008826374933,-0.378131406623147,-0.302227944423981,-0.640354389081764,-0.146478293945532,-1.03564255127232,0.0367883038381014,-0.390129904442241,-0.243039072184868,-0.178108478063156,-0.403758192450417,-0.764900350700892,-1.68487133357933,-1.45755598414107,-4.36400573332067,-1.60068071470522,-2.04520384172553,2.44767563573041
-1.23720114303165,-0.0883161035273491,-0.290307155201428,1.35343977689601,0.502531449749933,1.30761390252442,0.859439241628186,0.970531810555426,0.932131708327579,0.837419770834979,0.701774958445526,2.76149881059902,-5.94909318424607,-9.55524330081848,11.2276443262648,1.7831800142008,1.870159036572,9.55006993043031
0.071605951431507,-0.189394424323707,-0.0688491069865162,-0.125127450578735,-0.543891919552929,0.240454367501291,-0.27208993016392,-0.464463789821216,-0.0674708987898452,-0.264178687643835,-0.143175092859291,-1.08061420448529,-1.50728123639983,4.70831521969154,-0.972251841531797,0.239447474877396,0.281405781256647,-4.38581836074868
0.261558746516805,0.150583248506414,0.00863444188165578,-0.280474371123418,0.39177734962578,-0.534133573408258,0.11526787779136,-0.0518042475807146,0.0826028110676252,0.26009998130426,0.0381909860541148,0.0603583551000317,-1.44467807180953,-1.7456352567587,-2.2094661033696,-0.693770252464473,-0.617807934342995,-4.0615185239458
1.18795541343473,1.99111324019601,1.889730243981,-1.07619330156481,-0.822618313233534,0.0373495456349511,-1.73685751697631,0.376209811533953,-0.282180742931193,-3.47342603554549,-0.157649580850936,-3.52106620058721,-0.122847102973673,-6.05674292363826,-0.142215964337875,-0.0598399022684353,0.0172420948843776,7.4627635857397
0.294588855323227,0.65678244115563,0.418607036309304,-0.30767475865634,0.172973215570432,0.0237956272913492,-0.306820067226455,0.0676622209698138,0.452917512130851,0.141295316768008,0.175475094328469,-0.584185783741481,-4.16069261115401,-3.34901734601172,-0.0650487375417191,0.103118936013869,0.306514579479669,-3.56415455594845
0.573498945743947,0.519431597720367,0.346465083766562,-0.630437370884481,0.177137185877624,-0.872559736981909,-0.21939818191478,-0.301814205255439,0.0728852774313009,-0.0628951782071723,-0.0432835463796218,-1.1105484415117,-1.66050309552134,-1.94764947915479,-2.96240472209505,-0.79239965958549,-0.597683425697698,-4.72859434278724
-0.0343542857710612,0.384858061458348,0.287131397646887,0.0494543011005315,0.56939589195209,0.252580058837359,0.288338702474232,0.519714566872835,0.108974501995381,-0.74010402766128,0.328820261970109,1.22550188312955,-0.432339534253355,-2.30639712098639,1.81738760522423,0.0767511423847857,0.305282856652562,5.21452455319852
0.187895222717396,0.186414791905804,0.092770071012182,-0.282956221326199,0.840141101218167,-0.226945704371105,0.0648721510401173,0.337492257085254,-0.0358911957225948,0.132493958393174,0.0161450520844758,0.650408340201449,8.03064834161486,8.97262395322828,-3.33046384983854,0.0410072530221032,-0.00541328718651896,5.16524490516343
-1.23258935223946,-0.801282949232577,-0.652451278708874,1.40437643968159,-0.158152447817418,1.10242070597789,1.13947119943085,0.679431235040543,0.64542540479184,0.635068303288399,0.526673230104762,2.6925042550758,-7.46663051605639,-14.0849502463363,11.2438124275527,0.677297129256409,0.926298756311655,2.9912641567767
-0.820286514698141,-0.0576093820380404,-0.198420982942691,0.887377895790905,0.315950489486773,0.971659027561697,0.367480810158589,0.820066891313709,0.900662348295735,0.636738132098981,0.437652722799796,1.48851818697124,-6.45134338714831,-8.17907415527182,9.3136117905772,1.0828038271095,1.095448294094,8.70548301191065
-0.313976720277401,-0.502973840013755,-0.310990000643049,0.260074324511097,-1.53013023249309,0.625423507285804,-0.456170113075929,-0.862102061666487,0.0270040186250007,0.029894541203606,-0.283431301591553,-1.66922934351511,-4.01735614533558,-4.48852570798618,1.92266262189241,0.698170776370745,0.638402922709845,-7.13046430770271
0.226523896176566,0.392257847711509,0.196481629293456,-0.394214430659289,-0.03102391486176,0.120563961725259,-0.54482900120073,-0.333209362951377,0.0386997136281982,0.00185787207325271,-0.00973544211766799,-1.1480239081245,-0.431088644166389,6.62035481083923,-0.700387409966121,0.853120842233048,0.905824781238601,2.83067832987132
-1.10033538048666,-1.02165016610383,-0.786265651393656,1.26907899697874,-0.216334150063174,0.767670692338125,1.25185738670792,0.56675957288164,0.66181304995996,0.752364983444572,0.479229276730226,2.43441658980239,-10.044004674185,-16.4900972170781,11.2453001319324,-0.112126997358315,0.302124117536172,-0.174473128257346
-1.00728345622322,-0.886579109822714,-0.730413194811704,1.18515330100746,0.136652797438453,0.758388428106377,1.41582601662129,0.405514171436924,0.173163679327223,0.743533713767542,0.361534425937309,3.88727990662686,-2.67566751825543,-8.48232981808836,2.65550299296023,0.0616218636205179,-0.218981535319293,-0.467595639502346
0.558203371041353,0.392426333977662,0.298763059315287,-0.724762865718378,-0.313381700885169,-0.184539460842931,-1.02639056650419,-0.286181766762471,-0.123988844838586,-0.353841082086862,-0.283774385145552,-2.34600394682151,0.979228247772544,7.0674365865797,-1.74258236170968,0.217174771020952,0.18056531254804,2.97207767622609
0.671047607666099,1.08298213812557,0.830188195212485,-0.686915060715552,-0.690277833190332,-0.280833112866782,-1.01133859303858,-0.449239391290853,0.0362130315193327,-0.500393939928023,-0.238965287615467,-2.41109712746947,-0.997618079986378,-3.19859559970592,-3.51456936875301,0.257646633182846,0.00162003205938691,-2.36545701380283
0.715232322994852,-0.0516754107227252,0.0231284119042838,-0.830407412648298,-1.42015760471425,-0.559423987560538,-0.987019356906783,-1.28941786755007,-0.2964531210408,-0.179317841616014,-0.592472917991362,-3.25162205069934,-3.0738775249491,-1.83590902556264,-5.22174744256419,-0.696899872754251,-0.853139843191902,-11.527051580247
-0.296690553794419,-0.806819426556745,-0.416324903553076,0.290678636397069,-0.633602611123264,0.243538147368329,0.0608606341634659,-0.208546688381473,-0.755173417429887,-0.11514456192604,-0.282424033192059,-0.143629196873831,8.01424714458405,5.69916337559339,-1.30870340487853,0.228985765901296,0.0560706768574429,-2.32784591297438
0.236613646028177,0.232124999466794,0.189332681666745,-0.222035238736288,0.695224594401262,-0.300457940012913,0.217989131670482,0.066859909688873,-0.370477805100465,0.0531432798303274,0.0871950751169515,0.931462028468678,7.96439680330724,7.35844160155983,-5.64030466432371,-0.100700190024798,-0.069255430708886,-3.63986010833086
0.612166612795008,0.721180991907003,0.486220755788281,-0.75506051127009,0.422187703998926,-0.192753519252074,-0.99176307309965,0.246795509066628,0.256493835382614,0.176386284402129,-0.26215852788308,-1.44443124601579,7.99039388782295,10.2659025409111,-4.91486295490535,0.380012375102041,0.0414402587177755,5.49462953286748
0.724429573388051,0.159209224382358,0.0944840242030573,-0.861945071983405,0.287343596846325,-1.0495549685594,-0.240414233157399,-0.448481606753181,-0.33628225417219,-0.24964702813451,-0.189458842940252,-1.3706291805647,0.6009228298817,6.93829667207314,-5.41761436457871,-1.11299475455361,-0.924647102249796,-4.83092344715322
-0.341847503838162,0.00745434374584868,-0.0764926894228289,0.176311927641612,-1.08077075432264,1.02322511098402,-0.741745320705203,-0.840284493945985,0.182615639168203,0.428187945711381,-0.184350934451498,-1.60618034384168,0.412143154699961,6.04060129817425,0.951082109659674,2.15587935443916,2.02387294514534,-2.66806390965646
0.825211947125194,0.69760413505494,0.565372398669622,-0.84743810627037,-0.435838082001637,-0.910784647495962,-0.724894616550694,-0.478954863035201,0.0498805680706892,-0.35951994205967,-0.224261484569531,-2.21481539717508,-2.64219269284428,-3.94696562145096,-3.22198936912485,-0.967697769574864,-0.854179445028675,-5.67137478576051
-0.312727077488916,-0.0399606620363621,-0.076425229301519,0.389202524169501,0.850379659291792,0.407882438937489,0.517154569165108,0.60167545626907,0.310822588156816,0.403991168097179,0.27540724875689,1.93706793218788,0.788988094080822,4.81710928437178,1.35590993513507,0.338585183579161,0.243136877289692,5.83163291219433
-1.25759482225231,-0.826670299368642,-0.658203682462284,1.3861975448988,-0.542935785095878,1.29282071291566,0.746369890160637,0.402673817046482,0.565256428364267,0.842235275201332,0.286210020166396,2.00463579758619,-4.85832451431971,-11.0452273232997,9.57700632176811,1.29049606025556,1.16711792590515,3.30916327113537
-0.933656576398873,-0.0516521205364342,-0.216472027536705,1.05316330844565,0.475052754302735,0.984432347147425,0.676077086542692,0.960186960705964,0.947920150736496,0.723951049381807,0.569649033901787,2.15097582611746,-6.77232063361493,-10.6246186520328,10.1002423493983,0.99447169586844,1.11042095558358,8.25515591628796
0.599015797497099,0.57366155576207,0.431289773291295,-0.708643018222813,0.697554060734872,-0.828340552375762,-0.395453203078388,-0.0247607976941502,-0.238292773470821,-0.133319310184361,-0.166689208247338,-0.88170084716433,8.9962627401174,10.690141974123,-5.4238958694716,-0.157614131218213,-0.181978225356231,3.63601160511669
0.517395351304663,-0.635946673347682,-0.424079160935618,-0.646306440831297,0.354026787037532,-0.957325618920213,0.0170981600645094,-0.269225072899272,-0.180275074460564,0.357781541238565,-0.284288221737988,-0.49657340299892,0.690529048824717,7.28182390563872,-5.09462254321858,-1.62304098055821,-1.62450794240303,-4.77602931865755
0.596512448832138,0.200853251028878,0.132641416304481,-0.678787126371142,0.0540049978924563,-1.03647452592985,-0.171915546054846,-0.881007624493598,-0.448692239323976,0.459777417050058,-0.329067614039596,-1.11031881591328,7.72183148320023,9.08508450687229,-8.94121409420672,-0.614067269147846,-0.643628001133846,-9.36978223761165
-0.964776842516677,0.220160564270562,-0.10215621328934,1.03457927819016,0.552024586976676,1.07708213158457,0.751658030544707,0.674496449704817,0.752556955133508,0.828512316820869,0.606081478565896,2.36288901334265,-2.12188098399928,-5.62799744552046,4.65843227934218,1.77806714076371,1.79463350837501,5.39221922006526
0.153821036648122,-1.0028521543047,-0.551556365229732,-0.138492007062626,-0.777343425838151,-0.0984469194603962,0.145818167248356,-0.29665484123421,-0.159850033686869,-0.224321154982228,-0.237610356234009,-0.142066184611105,-6.46222752369392,-5.39823340995363,-0.734315733733647,-1.64740731744842,-1.69017694151175,-7.00284277591099
-0.939240965406619,-0.524371649115809,-0.50360523974872,0.986850153127709,-0.570340418032049,0.929007221658494,0.525617265206304,-0.0459228615549356,0.349134957152032,0.852765125664515,0.200696856409528,1.13502960556586,-1.65883795613437,-5.96757500004915,3.91178172219922,1.39131221877654,1.35341710033403,-1.83792035945354
0.53479236535512,0.203900412814321,0.203479851760456,-0.643971244686802,0.57737236667136,-0.486630889329116,-0.227909451930997,0.191592412012779,-0.0234817729292366,-0.570054996698192,-0.0672328582829937,-0.605392314122939,0.383902856134085,6.7727564792305,-1.90873452697243,-0.809345787362239,-0.697869866324345,4.52043779079851
-0.0556816969285772,-0.0274571368112205,-0.0296322580324734,0.0235240188111166,0.582699445740595,0.217382612263803,0.0597102136738942,0.343123936421001,0.344372594738614,0.296485288054072,0.0616628460971437,0.737615641261894,1.20012426740514,6.40778927899042,0.0262022878509628,0.300442798951254,0.154488400201612,5.34485327990499
0.74109409533254,0.380574508365542,0.105120348732382,-0.88273677326307,0.381107658088852,-1.19586798704866,-0.0964123017494883,-0.924677219707958,-0.484674974415095,0.256957305079953,-0.12052416243666,-0.958804244739767,0.37454842310698,8.13269618703236,-7.95850629264907,-0.895243523073039,-0.736967828152214,-8.58366610705984
0.618303793655973,0.863066972569792,0.713238032201881,-0.599038052156615,-0.568767108270677,-0.25720101632395,-0.761191645773908,-0.363538320674786,0.30367926076293,-0.392212383304887,-0.145357328708839,-1.97783815102194,-3.44725339978273,-4.06644062541303,-2.47485080268509,0.0151334194505026,-0.142301725863066,-2.77547463658052
0.240615998482803,0.135789994215399,0.0407475350180628,-0.392006051474519,-0.162575494659,0.0610691132845624,-0.546880716612863,-0.0252908720327048,0.524750382624661,0.160657381401308,-0.0982808430246764,-1.13974918916256,-4.30428387573731,-1.67397386978689,0.635205247493129,0.0376116006394011,-0.0852670884468104,3.32115770197837
-0.0626914760602844,-0.167301633871686,-0.21155032374639,-0.0270955828812717,0.441135883086854,0.271136784307148,0.145047000222123,0.422756536017473,0.55781920809616,0.46383115220322,0.0908873660499533,0.979688726619207,-2.85662846308921,-1.48542430679264,0.714871984878318,-0.151979361045577,-0.353249121208761,4.88293725174237
-0.623629080116751,-0.903502968725376,-0.724224809683232,0.705866191677028,-0.200504837485541,0.468258693718112,0.939558751418287,-0.36495756329565,0.0879418305390205,0.789890866086164,0.161117255685471,2.01911037584652,-4.07416633021276,-3.82144481627232,0.842054440835258,0.0366750018446055,-0.00470544786081827,-6.98822994516714
-0.692177221791884,-0.871668916325885,-0.675160412640871,0.758781371515015,0.435274693567864,0.394352927523049,1.03877726400654,0.619294049247275,0.415196003631204,0.627541204822818,0.290737897107686,2.31245186008467,-4.88611534060915,-5.96973109560038,7.26396435770561,-0.289178825955479,-0.224222223028739,5.34202555266811
-0.386554352184249,0.00104011666798918,-0.0136520152091309,0.37022638041631,0.206765705057735,0.771393012014931,-0.324327952172873,0.513360047215981,0.211931410614127,0.409330404048508,-0.0882662035872303,0.442783044026566,8.83854597467682,7.6857558682965,1.07703576132662,1.3234772939921,1.01452879435555,7.43780449633347
-0.855669344819028,0.199834141907958,-0.112462693193651,0.902227163336103,0.836930185145695,0.935960012100441,0.80101905606556,0.787689621985391,0.789053711753014,0.807609076543222,0.641116367947541,2.51195386942575,-2.33806543443522,-4.28828272563452,4.56261389986651,1.4467628255875,1.56321096013527,6.2948923864273
-1.14947485087811,0.0138781189156856,-0.146022978167051,1.365199948728,1.14967781582357,0.970330025635814,1.33753405586138,1.10071094298906,0.339983204460164,0.832746030602684,0.615857674709795,4.42211824681666,7.90162512542852,-2.67973826322954,3.48587378742984,1.46200002874905,1.34997782026237,7.62520700016336
-0.128473988188354,-0.0161625559095619,-0.0233224903685175,0.0735287596778291,0.0269538564210313,0.305150574246299,0.250061818496109,-0.107222177542338,-0.258097683469133,-0.401806727495812,0.12134008955617,0.615742343880798,0.638765733171079,4.88102555858715,-0.886541160990905,0.597735716387993,0.555350331573971,1.60319707686552
0.825440378642293,0.985837963316386,0.758032417144191,-0.807345040180986,-0.778104304548689,-0.939834531012648,-0.734894804062237,-0.912599006217066,-0.935756126689583,-0.886778375775703,-0.247019345801378,-2.38137239704096,1.28717456588843,-2.82794653655289,-5.91416127268574,-0.551889801693848,-0.464209425659903,-10.0873147300354
0.527649040670147,-0.372912187438927,-0.279104122245611,-0.67343921414279,0.684678241891042,-0.599580636568472,0.0372482627795745,0.20145040919416,-0.20545106406348,-0.0229923127432088,-0.18228049220619,0.529367021842196,-0.760596676670866,6.86735952755464,-5.10874832505765,-1.71679310053835,-2.04424663247251,3.12273917714162
0.0108714626759042,-0.246028017381448,-0.153758307147425,0.0311580917649583,0.196692536616307,-0.041317569693279,0.28892154676149,-0.234873172496776,-0.30404844405141,0.138282889728086,-0.0574812019363372,0.872390918348494,2.63635315408274,6.64544631283688,-3.83783062585127,-0.0552595644030687,-0.222560151958704,-4.06485434347958
0.545265410801777,-0.855233768574557,-0.519228397843026,-0.673451452509413,-0.536937772517678,-1.215943594561,-0.0903369924490799,-0.696291587647593,-0.297679206937123,0.257707705073603,-0.411777874140947,-1.80041063616973,-3.024989606579,-2.13481969825887,-2.49632603234739,-2.1309354190505,-1.82718054026161,-10.4765749511179
0.506591743946597,0.247095030637775,0.108413709308534,-0.601475682997171,0.319252478447823,-0.749637251311847,0.0295074408221771,-0.726698124389921,-0.499735267907991,-0.269127940151126,-0.0394504613815275,-0.439644376270798,0.273078671165096,7.42441602109626,-6.37994871573036,-0.482628345834121,-0.380853614973865,-6.0418046041922
0.563886023310746,0.223511804091804,0.0582869755048151,-0.634991516114361,0.138720933150386,-0.701779443337951,-0.0945096637401837,-0.836974112621816,-0.329441116103877,0.194699141671215,-0.191186116869106,-0.355789704191562,1.27433024646599,7.67907573785866,-7.98591586572114,-0.627817475215573,-0.702866373711895,-7.91543746696854
0.0882683317230207,0.137858615554934,0.148337446202342,-0.0476877216184485,-0.992684191257359,0.125767982559156,-0.754581596559526,-0.321885072551905,-0.162533350479854,-0.138511506261075,-0.23458439774008,-1.94826866118669,0.0890066878316541,-3.33391389396463,1.22537624133673,0.499330038142558,0.47446629188428,-3.34659148041519
-0.962679310483732,-0.651563824361295,-0.522491382941758,1.05185519388168,-0.505931535817519,1.12618827973319,0.54549132237848,0.333020768250829,0.651208359811369,0.624838788123563,0.316082143006218,1.32295582442156,-7.79220526619322,-10.8053730986269,9.32629017898838,1.02509644461925,1.06195848100303,2.48997654293402
-0.332331395638715,0.652167502535469,0.696345974200573,0.523061053370207,-1.08982659651051,0.888797760986953,-0.781757334123528,0.195815931769796,0.344453715800394,-0.749901937568032,-0.0261834704385454,-1.6363482678115,-1.99261515925851,-10.0362755475549,8.54233129613736,1.38247911750792,1.41569933163531,4.85147335112861
0.198939098345868,-0.726421034676069,-0.489447259481321,-0.238558809574283,-0.291890335448315,-0.0849664828356755,0.121730912778253,-0.772172251728475,-0.150074347467647,0.435856047792827,-0.150609584817495,-0.0347668147130029,-2.7911816781824,6.17854504598722,-3.61358710112316,-0.708939021541514,-0.586334264820055,-10.0012415258841
