"OECD_sc","Bio_Engage_sc","NGO_Environmental","Fees","ramsar.area.sc","WWT.ind.2020","SNM.ind.2020","MPA.ind.2020","SDA.ind.2020","NXA.ind.2020","mean_annual_funds","MEA_Membership","BEA_Membership","Mitigation_blue_carbon","Adaptation_resilience","NDC_Commit_binary","WGI_GovEff_est","WGI_RQ_est"
-0.0423508477841269,-0.335861273387773,-0.270782374487793,0.0573766384892644,-0.0683396951294463,0.250233030328086,0.188958780057737,0.0606021185112431,0.18213542627758,0.0206243431303088,0.112343721666807,-0.0857264290706066,0.593449916581632,-3.49428513656047,-2.97279615156108,-2.0802097290821,-0.716180410798266,-1.08147452933492
0.571019726834172,0.133533813253376,0.459718402827706,-0.620611153379965,-1.28238698492488,-1.1435104315528,-0.375852771118871,-0.835758651039614,-2.36221147748857,-2.39173082432479,-1.03197898427441,-0.379533747529586,-1.88765225487295,10.1214965168064,-1.76524360105224,-5.82742828688207,-1.13192302262222,-0.910295481146203
0.610942669080216,0.372300959540269,0.273272284200863,-0.708962383215535,-0.0454402386967429,-0.338418799437648,-0.875487638967516,-0.299918321887761,-0.5817391726747,-0.428537094175688,-0.569070586031041,-0.256171118018448,-1.724328689426,8.67532852000584,9.61652739072911,-4.92286716884193,0.157768966981154,0.333615103768905
-0.510679475217313,-0.475557995243851,-0.446393415186164,0.560988297669338,0.383231901376443,0.315438286306946,0.941241561893946,0.363303465368751,0.136522365218454,0.407600493108009,0.784676470137891,0.230595075369299,2.27563650530881,-1.56543945844269,-3.88953701598584,1.10836084211911,-0.21401676074916,-0.377067152360594
-1.20071472070661,0.0394157223476271,0.0808583909159221,1.33247512024945,0.981556337806989,1.09422091954883,0.862408480905883,1.20702889874397,0.422550757139729,0.54533100235531,2.17447251597272,0.518577619752884,3.17741121065524,7.76897128497684,-3.34031365248493,8.35772923853028,1.67565801156782,1.76046859548471
0.322115953855405,0.588192847718683,0.842365630493539,-0.43182382105555,0.0271763897457992,-0.106496166068539,-0.881979562422571,0.052217750115565,-0.829923234715427,-0.948535584347272,0.296634643057246,-0.348349644166367,-1.63175606876743,11.4459828921143,8.71903733926561,-5.5058974673937,0.325742407719177,0.0529696194858078
-0.173240703780976,-0.829778882396502,-0.519955713377607,0.107215683490802,-0.418435694571203,0.476226842722454,-0.374181247886407,-0.159532260335448,-0.105644178782651,0.394274467544918,-0.320169441953985,-0.351121139983167,-0.835805659208628,7.72136020747901,8.47419213957132,-1.13375135918287,0.388335054897411,0.378241659249438
0.338456564767782,-0.0818523122526781,0.118510706489303,-0.409202003910753,0.5692036617988,-1.08183836862923,0.274209802629926,-0.199519592086955,-1.55192922375404,-0.599942870643515,0.143203830302015,-0.220583826993884,0.53179148655852,14.1826201040992,11.487769841477,-8.30409129585422,-0.835615337126752,-0.905062452959346
0.532007178701247,0.38217235977672,-0.146503478772655,-0.467910568609089,-1.30179858397668,-0.108448150998757,-0.794557024248432,-0.898194392361804,-0.175528120116885,0.16727638000845,-2.0781379480526,-0.209829686090065,-1.29468835448141,-1.17736549395781,-1.55119132982527,-1.79891211236452,0.473620465069257,0.423313451887316
0.725209416522093,0.453927337622064,1.00985512554439,-0.629177805038506,-0.181147255750133,-0.379144989600977,-0.737442172941303,0.139199076170919,-1.4289547249912,-2.25377293426023,-0.309617256322679,-0.263449492449486,-1.49274844285332,11.0741675046782,7.27286822198095,-4.47186835914719,-0.687688404833871,-0.543276184405234
-0.65820709970645,-0.512285809197853,-0.431711353899439,0.773072342071037,0.69374221079882,0.529499648063346,0.966789196253143,0.771574983594698,0.331971594169857,0.358674249492641,0.919748940143471,0.344945128043359,2.70350802942798,-2.9294977676147,-4.9216576764736,7.07070187261011,-0.186147366034563,-0.148995642960037
-0.318686560347336,-0.258853837871425,-0.0783146699243116,0.190596229418557,-1.05829069444521,0.425050068124629,-0.810166503119765,-0.521602357220514,-1.0852839538784,-0.125506931067134,0.0522847567837829,-0.525137947019889,-1.60288010494566,11.542108267127,7.73030624272404,-4.20691525594337,1.13407372845098,0.707010762598067
-1.15527241667017,-0.880702224889818,-0.723019568752319,1.33515734428598,-0.436567596732707,0.838387701608629,1.2033975627508,0.488469571959806,0.635546508795344,0.745969987197361,0.566673274219174,0.477596757222446,2.50484244212004,-9.4677141089124,-15.3509088439636,11.3510015992681,0.366583344214877,0.543378576066219
0.493291091789407,0.0359753083236945,0.086870879006321,-0.634460863641765,-0.0932490139406723,-1.03661386548024,-0.130106870333003,-0.857437829193531,-0.51525961110339,-0.076418185977397,-0.61803554048618,-0.294435479557484,-1.51729294419023,1.59105437013457,7.24504161402941,-5.32708021303781,-0.632181928239383,-0.591506422262274
0.6180037206267,0.437051923569987,0.305737127951809,-0.750937156479998,0.608062251068877,-1.10556385553115,-0.00342395210711734,-0.489926925105461,-0.433426011836473,-0.201803562248619,-0.0711900539148061,-0.0830439373580877,-0.559549375324878,1.31479386813882,6.65739185699468,-6.66885554068491,-0.83438554535202,-0.819262564941564
-1.32111947310508,-0.243283946514798,-0.396321226626596,1.42408243524714,0.892328338213523,1.16818843452026,1.13511086783566,0.946842547743493,0.706056368929039,1.01958225078565,1.84841421019331,0.579333820844889,3.60023687462061,0.310208664444699,-4.51493323822483,9.31438926321058,1.68327847262874,1.67363495931316
-0.346578418159506,0.239595553813877,0.189701801124518,0.482450476655446,0.0104713783902289,0.762919844417853,0.131910419700923,0.453321392698661,0.157781286055874,-0.201521158034216,0.48537637965659,0.316934887527301,1.0512076061279,0.194256073369245,-3.35883120413944,3.61097393209394,1.05205831983469,1.15546137413158
-0.620070620425292,-0.289252115301161,-0.120376058842873,0.680116626607041,0.657702179661793,0.451618458141753,0.700010855646036,0.589884292574423,-0.0976613762662508,0.242731571471559,1.44560781173247,0.133400989385386,2.37396604989763,7.93954019172678,-1.03263113982053,-0.69111163981656,0.291945630447187,-0.0567684544950572
-0.202595537107686,0.13140167345007,0.175287622345771,0.294643555762271,0.421683283509977,0.403924692262128,0.129362522269889,0.539780056253067,0.209787264161896,-0.0167245208000978,0.683691845291489,0.180379189290386,1.04301403154039,1.12551825993383,-2.23212449227029,2.35974951584545,0.236288251852014,0.270468991350964
0.708118177826302,-0.411077196066324,-0.319220729779346,-0.712679978680627,-1.18557121909636,-0.956253892204183,-0.372773766460648,-0.851021412207142,-0.780745494706628,-0.368786999878994,-2.13138519104586,-0.487250580330473,-1.56328726445726,6.99144365610326,-0.935305129087977,-5.20437430291526,-1.45835913260324,-1.24216149148046
-0.0824806639378458,0.357138817245317,0.591575878395703,0.2618166629554,0.659431003483832,0.444209941965268,-0.106059638760411,0.727621248744865,0.104614225596219,-0.603869457488461,0.84369670301905,0.197653525925503,0.490816598533582,0.784159186747461,4.25949709813641,6.26357875521235,0.398879765421651,0.524064861236182
-0.718764240040425,-0.611819495355902,-0.57514554104832,0.87376998206411,-0.0361493375439134,0.78271446024249,0.755038502302086,0.461298819406647,0.676368974384293,0.645893386006386,0.299171316165621,0.362056791481555,1.76481422909659,-7.50885029323628,-7.8029745215839,9.05353584594162,0.4119188401738,0.582700298556401
0.366910728696379,0.17172845894875,-0.0810588773986076,-0.419695646828861,0.895081568333801,-0.0093583026258936,-0.0624017513205111,0.173533190588432,0.189484598475203,0.431965920500034,0.391234341179951,-0.0549198573624952,0.897362687985672,0.205712748256729,7.10779942200663,-7.51705220937759,-0.551985130528388,-1.1284195257472
-0.758758658038273,-0.417846121847518,-0.384254268891228,0.840544591078995,-0.898405847622034,0.936068020323626,0.109442404450269,0.0451790754444295,0.570874081192053,0.491298147635246,0.0564504593997441,0.139107939952866,0.126310042594923,-7.4147823427202,-9.72077715765896,8.73619776983253,0.96770579566397,1.02136813648231
-1.24013897789106,-0.0108216817673974,-0.206713866556298,1.32541324190439,0.620018060269837,1.21557539237556,0.917439745319655,0.980990048120771,0.980466495237228,0.809691447726475,1.77676068175938,0.681122120451052,2.47983855942051,-6.85129742208006,-10.4393078384827,11.031032265412,1.71609052092347,1.71969436047617
0.985675470563624,0.384086454955843,0.0853333661211751,-1.11972965356687,-0.296294193888678,-1.07974286120301,-0.904457727476063,-0.792218437454814,-0.155533771229318,-0.123881314942765,-1.74343740637534,-0.402134880073865,-2.6335435122976,-0.218115983432942,6.9936246942195,-6.15090822655377,-0.788038516415422,-0.751317761991197
0.488177531902515,0.491957285133613,0.468827997023044,-0.498095961102485,0.677836677260977,-0.128187615620781,-0.498931882165462,0.279226181973929,0.421074999862813,-0.083172239675402,0.0961242832703799,-0.0303605012603288,-0.79920717472919,0.0301376267531677,6.40192598287074,-1.41840096888044,-0.215874227179342,-0.134816298635362
0.636792661850787,-0.272521814108252,-0.228422155665153,-0.728154514937238,-1.52122348991286,-0.527721727051408,-0.866693412756528,-1.14461344410093,-0.145764070190005,-0.123989689930352,-1.99578573481437,-0.628413544072717,-3.19853868926162,-2.65726678018391,-1.51449952779676,-3.82796985380869,-0.837221706800154,-0.85420999048912
0.597587240803887,0.682683272666267,0.569567015469306,-0.615039209628917,0.845374661151392,-0.964991450130234,-0.102181936260161,0.113859236886329,-0.662036584399021,-0.515036211999485,0.1049381736684,-0.017109494298494,0.0856801736779072,8.86037593416807,6.90233480612519,-6.53233000624144,-0.589952822995736,-0.64922284374175
-0.100968597801061,-0.93028968500331,-0.700680965438817,0.0963576361566133,-0.32365505773919,0.398412582890993,0.463730938267338,-0.194271879598589,-0.15857004127484,0.326381199591725,-0.304695675942962,-0.0359009261076328,1.23424118080284,-2.21396222272207,4.49022117212557,-2.43585853059426,-0.521443469470092,-0.716982658163933
0.542197311656029,0.727696274902857,0.635947690623649,-0.573198693637163,0.50609319906029,-0.703191115982584,-0.340514318674497,0.167004754312558,0.0458431159718122,-0.268073690360847,0.0670611927644003,-0.0193739659219278,-0.600021313456187,7.49353387603207,-0.511174835128467,-2.97068173893324,-0.301456388724053,-0.116446618190954
0.547301216054514,-0.484665091140704,-0.380518306386568,-0.636401133127147,-1.16313471207879,-0.409171712069592,-0.604514313515488,-0.738003949442679,0.0235231281939748,0.053115437218102,-1.630236622333,-0.516618316078619,-2.22673271215345,-4.90009904979149,-2.68643041248187,-3.77131729376623,-1.33477297266956,-1.47941330775264
0.578894658684619,-0.889109137491443,-0.585353526454966,-0.586757240380867,-1.21795972661795,-1.10896700384343,-0.41958949598111,-1.38163364901985,-0.641519607798614,0.10025370248734,-2.0270630955744,-0.765975042199968,-2.35505251781567,-1.12325951741236,5.53508417626057,-7.26699955941184,-1.85440123789366,-2.13484746970401
-0.98511814968498,-0.583308758598136,-0.60675842271975,1.07023684447067,-0.0881529029110522,1.00183111452006,0.578341736719059,0.460116414947418,0.631824763828369,0.844014108148974,0.320489241827663,0.308960875073232,1.64663603551587,-2.87739632344473,-4.91241388026546,10.185938510525,1.24021261128745,1.45606465522527
1.20907926187103,-0.0402918370853331,-0.0727118011258125,-1.43277502219701,-1.09539255219744,-1.59362338014295,-0.876882249998528,-1.53227984826729,-0.996137351522595,-0.673606368075327,-2.3389601712163,-0.774225222624712,-3.5293329172988,0.11739008566984,6.72750156586488,-10.9861539692779,-2.16704539450024,-2.20253903309001
0.821194489249529,1.26243842674428,1.2400496783788,-0.8604825868399,0.740888180804899,-0.0527439900491059,-1.0366005423128,0.356721203026717,0.208219569166856,-1.07236537822454,0.599265781035331,-0.0779975356457691,-1.77419339559584,1.63401630356692,6.72129713485005,-4.89905787181442,0.0562732980306379,-0.116219639018196
-1.23028040339801,-0.0262605152001162,-0.22021256395145,1.33543656005115,0.740682506017424,1.2578309086409,0.84683256315268,1.00735618151581,0.816613047423919,0.818898318143261,1.78241858391636,0.617087695249167,2.89249961486084,-2.05684018372318,-6.50318334603675,10.1315117959307,1.83411093123284,1.86150260388891
-1.21403134361581,0.00946865391613649,-0.0606159867130185,1.35945918720853,0.934513468531603,1.13072022466684,1.19370453399482,1.22074732050774,1.02393721393374,0.671566200654723,2.10511401007631,0.8469285225526,3.20038043566248,-7.7922553620196,-12.3001734614722,12.0617572789069,1.32551423217839,1.50004960143452
0.679951614387668,0.308886922212636,-0.0400889357237351,-0.790175574048031,0.720808594117377,-0.978121744463559,-0.24101306430304,-0.161705813681416,0.207049420494114,0.342718256438931,-0.751696485489594,-0.0912685766893023,-0.584262176372685,-0.892522525361598,5.98066410999481,-4.22543950304958,-0.945687758316099,-0.91623902530869
-1.46556105390425,-0.709230971731624,-0.67114805283863,1.59615630778625,0.565726128891609,1.32174717604501,1.24362998701521,0.85147152316868,0.517537278108779,1.14158943109035,1.62353100747126,0.471273732898119,3.98326622408865,2.23140399429684,-3.23243021665728,9.40040549552402,1.61751109569144,1.58365634854735
0.329170122251385,0.484294464916778,0.274420013960025,-0.435928053234628,0.395061930104282,-0.717266087703301,0.00534161715114864,-0.098970102111212,-0.23924651902931,-0.38087017059122,0.0662439761845487,0.0864597411985695,-0.456641199303039,0.117952523926091,-1.75234275509006,-1.67114693037955,-0.275780712510379,-0.121210464853288
1.11141168697085,1.70007467146425,1.52074841496423,-1.10665134675704,0.262590445499697,-0.976803724405144,-1.04899810687256,0.134806553337817,-0.0905246922274846,-1.08534674016713,-0.140871574588932,-0.205168370662472,-2.19528612318187,8.31133346479119,-0.75383350412567,-7.06433328674032,-0.383783779582933,-0.512399895951557
-0.789706118756933,-0.411548647006708,-0.349982339423189,0.83733944315842,0.2153309821954,0.752065984672765,0.518016455878965,0.597799230166743,0.650701149794476,0.466038167251669,0.794683753100079,0.300899133307883,1.04814911662194,-6.81060836629269,-7.69961920009214,8.9122803400606,0.434637224019838,0.544268488392103
0.802678128789806,0.53419657351526,0.312479905193129,-0.897536807554165,-0.247617972719319,-0.419155535326528,-0.909967526160022,-0.560491639732692,-0.273665790027519,-0.307041821424513,-0.849945976827753,-0.329062794631925,-2.15460301972596,1.36756605731062,7.29852269302419,-6.414433210726,-0.198261444813778,-0.307202594921016
0.478522318383562,0.385890724123857,0.398815001085181,-0.432047997310887,0.5640663864388,-0.199448926576818,-0.11417642700816,0.124056935187159,0.0268930604665033,-0.491672047575992,0.0562680298407526,0.0978170335584731,0.0849563555653651,-0.45138844685192,5.30738018684728,-2.03247376309502,-0.485037727402821,-0.315165825376071
0.416492168993076,0.293557403427017,0.134062721547216,-0.571662018895697,0.325415328871594,-1.21962276913974,-0.0109556552623293,-0.332201850621898,-0.831058070913464,-0.341118236073668,-0.170818729550121,-0.145171343002006,-0.539305520370334,7.88162960559846,-0.138947372511807,-5.73842408682856,-0.816384906166473,-0.754092206478601
0.840169512979425,0.130014510662057,-0.0419379376498398,-0.998769258241798,0.577776056305939,-1.23194252774869,-0.362568993815859,-0.327197993245538,-0.150669472579748,-0.0253831822133488,-0.890738111584596,-0.282007763736299,-1.35567246518433,0.984217751254735,7.92014268907606,-5.92411134717677,-1.41759271910327,-1.30191010600077
0.321980377498753,0.0926800738254613,0.145809940789283,-0.274406731606212,-0.445580269676736,-0.874910535132972,0.0964019692973953,-0.790555722708759,-1.1811597496108,-0.334586663546745,-0.683367835492462,-0.260891872139167,0.02340452945418,9.58556866731574,5.83382924406663,-7.14603717893874,-0.46678192799062,-0.575148281534547
1.23488627045774,0.339140274135942,0.692645131784576,-1.27753005416278,-0.676217131988229,-1.51636004635389,-0.865820667430323,-0.715100238121479,-1.09579893281873,-1.39453154185933,-1.63682850315995,-0.591590752018328,-3.09335617734807,9.03399845630741,7.25059502329648,-8.24348292154481,-1.72701395490269,-1.43799598286979
0.564330868013527,0.39333005349434,0.352410724226349,-0.608900742133082,0.562770682005768,-0.27293916516552,-0.358145779010991,0.111512151764161,0.162856177979097,-0.168131446436096,-0.0688973378252787,-0.0473371071006113,-0.500067643984988,0.0062245313074818,5.9101420702624,-3.47462507777242,-0.529569536436141,-0.521337351719349
-1.04879293297427,-0.542084125574731,-0.483269607682472,1.11265466824726,-0.421931516101352,0.903825163475656,0.397470044644405,0.230742472664922,-0.21300013240143,0.380177069082493,0.639751344871595,0.212849215682096,1.35950585100128,0.500295089505784,-4.5176940397367,8.23086462132047,1.39242787549571,1.39616761962334
-0.25402875067165,-0.195706982810304,-0.0845316262368365,0.356524409121887,0.535419587513713,0.219537314186715,0.47439296154788,0.231403297593329,-0.215250620267227,0.0667270118717677,0.695005531988013,0.122651416235601,1.72090198141065,2.25754406947831,5.10612848350311,-0.699230791883357,0.0712041127592895,-0.0919238878894664
-0.136011838794917,0.145493781596853,0.267631790717679,0.143317825292399,0.446128004428448,-0.173362501542777,0.246924574609076,0.269129316831264,-0.0900812187743999,-0.266270985656755,0.724496652510174,0.0772841587124884,0.395798858406864,1.85240032284278,-1.79465738560912,0.4971373088561,0.0138712677017278,-0.0395251537534531
-0.0397708296792985,-0.403761420269707,-0.359428778819169,-0.0499541154393726,0.202959888804547,0.0473946667528841,0.108672109818694,0.0447804915735114,0.347730225192529,0.365486282678914,0.264098778108859,-0.128022465842228,0.147685197485407,-4.12707056924367,-2.27223409900444,-2.32839261947101,-0.791269277527092,-1.17731655422658
0.0779351644706433,-1.18456994757176,-0.644641047545022,-0.103955395298992,-1.51774613725156,-0.144010783852063,-0.0973659102197658,-0.78149678206227,-1.11658737955201,-0.68817610046437,-1.2444681906883,-0.412591064107486,-1.27206703084168,-1.32359449333843,-2.62844208816069,-1.32850071392736,-1.25016992154042,-1.20100802437994
-0.83023664331343,-0.10838922042044,-0.182572527089878,0.852572677049063,0.0396360583517997,0.93467880500046,0.178210786761817,0.508844272868989,0.834282230104536,0.589002054004787,0.732520440632912,0.314485861379917,0.277628776007299,-6.20818419169761,-7.317706542476,10.3236789269955,1.32284584924873,1.53438228680752
-0.963379594301112,-0.601315874199232,-0.301062036947658,1.12872178480723,-1.2073331040756,1.12102018233532,0.121058998168167,-0.0369258979510256,0.361455269232982,0.573686990596855,0.0498098739100619,-0.0485559870185765,0.391889210661752,-1.11884936303458,-6.19244436584686,8.6124505753797,1.31136920321736,1.23183151787941
-0.979248522755553,-0.390713109256239,-0.390583798360294,1.09832081234279,0.226539450244004,0.853355710387777,0.915887000803298,0.750555428271174,0.751694818425918,0.507904987221614,0.991153126484118,0.573279893380103,2.01823530317954,-9.29331048606466,-12.3985974638663,11.5390418885897,0.589147419705008,0.894288995933075
0.131033066674971,0.120478674104134,0.115562862637821,-0.244454293349456,0.300135085213714,-0.247270506771674,-0.010636619753918,0.0761864881666419,-0.17016991624168,-0.390389851316447,0.448332115444759,0.0330083144019534,-0.326649907033121,-0.578895625349319,-1.90441498120984,-1.06457643884765,-0.402368402951514,-0.305296755399746
0.502166018125819,0.548448567005392,0.180344886443478,-0.625089398306378,0.556503719114076,-0.0390970733566211,-0.643705720368887,-0.0959334447982714,0.355488717632418,0.290170217063468,-0.110372363689083,-0.0870209020537607,-0.931438129122051,0.563016836093565,8.16401844046142,-4.40866216805191,0.368365043489277,0.209949686963213
-1.32557599821921,-0.614460056812641,-0.586228163288359,1.43506917456608,0.238644050765509,1.22354104191931,1.04538359380424,0.72542701229341,0.378483296705048,0.872925607687143,1.40967096199477,0.457066562674535,3.17371487515935,-0.706430032184345,-6.19473364757908,9.0564950237336,1.44876119517757,1.37324813750737
-0.278645637797644,-0.625084261348582,-0.595951476456525,0.364270112304059,-0.803537450330758,0.500156798885992,0.235560258081187,-0.256841442702285,-0.10235241331103,0.40656945115412,-0.487113092825913,-0.00165876218814509,0.890818792239359,-2.01284469879742,-3.47305282440863,1.07627824760266,0.0911766417926582,0.0197773594409685
0.340074266047264,0.502327707242016,0.486041896994837,-0.421149540724374,0.361859039354724,-0.341948204967358,-0.204372199117962,0.132367899251247,-0.0338113776976217,-0.464608892833647,0.376084796649972,0.036218889507292,-0.669983273531803,-0.531275620104853,-1.84124955371128,-1.51344478354768,-0.358501632629115,-0.297455135818261
-1.1325809145015,-0.724823854110948,-0.605203330683783,1.21579461971255,-0.153919738686629,1.07831199348363,0.715007258763263,0.510130820358038,0.643707324710763,0.780485444022452,0.725974204972418,0.308124769671396,1.61234631232226,-4.65929272419779,-7.63166707971641,10.3813490862785,1.08314114117538,1.17261095740871
1.24548776450727,0.673818560568036,0.519765807364854,-1.33894277968007,0.0219998752862289,-1.41989302906007,-0.798184014080183,-0.642313498240715,-0.365271811154058,-0.769210121155238,-1.7083873871031,-0.295870351867068,-2.53975771231022,0.0106912503722924,6.90200005399804,-5.94326644349212,-1.31136403363626,-1.03724944032483
0.0905313810349592,-1.12677826911283,-0.677188034570616,-0.124684802167624,-0.576558587305295,-0.145215813902866,0.177636424134147,-0.209234602619511,0.028491047171501,0.063045707968157,-0.71926529702949,-0.312189057956403,-0.24499578713449,-6.66634873045174,-4.56613969078603,-1.85934324734614,-1.94419821812733,-2.19298996813137
-1.18769628043568,-0.931322173025304,-0.766928899254871,1.36283508829694,-0.873485209371388,1.10045560757611,0.834064320482136,0.259931265794854,0.495128348032332,0.81985466477402,0.0880359831469164,0.272472929428955,1.88792228417127,-5.19011951377571,-10.9723167795241,11.0089566352487,1.02725542642553,1.12966934469272
0.445549396125902,0.247740451490503,0.266292645079355,-0.598000503370791,0.977432468327529,-1.03323369532194,0.156063445643289,-0.0265847785888171,-0.342805167992551,-0.248895196836907,0.412744755127525,-0.0310448190061455,-0.319408829487025,2.24941948789729,6.45607111452991,-4.20778666248136,-0.996149799430381,-0.833281274929451
-0.0349344608286593,0.153307562260834,0.168926672010771,-0.0435908059795219,0.205007418457296,0.379022206779679,-0.144477036579899,0.0170145563717028,-0.0316973280560262,0.00373935546544085,0.421346622042564,0.00455545453127029,-0.166047469103247,1.95745051786916,6.5503701112844,-1.22563852516081,0.820610656868072,0.705962342484547
0.755987724886575,0.249916583275157,0.34254433007353,-0.7422269770635,-1.43740175178794,-0.030993298983734,-1.20944758636449,-0.640551430213762,-0.447554349881015,-1.21049580046277,-1.42305047227258,-0.459421056396535,-3.1085690666517,-0.69631916108204,-2.2169006698308,-3.62989483225884,-0.32437979128831,-0.429010801320233
-0.206896034692135,0.1809557746762,-0.0286254990367884,0.335163107584837,-0.586407797722981,-0.0463561655736827,-0.158066163681877,-0.0840500931096229,0.397681085573555,0.336404744431181,-0.790593559857659,0.0802544448515076,-0.663853952470808,-3.35503822101076,-7.31983946491685,7.80304826486502,0.731170791467468,0.957490729865569
1.8911777010245,1.80184720802852,1.92710460387836,-1.90999574881634,0.421250445376414,-1.55452890993492,-1.57467846144745,-0.123558430963907,-0.589980083982325,-2.26179507258881,-0.795467100995459,-0.384929288942518,-3.71405604082926,9.12584220687235,8.65644595199673,-10.8140358007284,-1.37840392840753,-1.17278537264117
0.340547811369565,0.0581868610102404,-0.234593586993221,-0.445794689783398,0.144493884547256,-0.850176943862007,0.101537250917333,-0.435745150342451,-0.115914036384525,0.193761948198399,-0.752049933570428,-0.0578098544740126,-0.236469288456247,-1.63451867402729,-1.23167415652145,-2.72000251242384,-0.686892225764153,-0.677576966854322
-0.260183824320555,-0.0605621347917716,-0.00547129564279817,0.4097911757025,1.2135082771748,0.278374830011775,0.726418427028277,0.80150699101535,0.000181916163330761,0.27488417043785,1.03520146852747,0.308642665573462,3.0254127572341,8.15168664343262,5.86519788594425,-0.302917855455668,0.0102339348582173,0.0302310483008403
1.25452239952702,1.41209089765439,1.27039051932069,-1.23209308808316,-0.979558565957511,-0.701187906471777,-1.46916253317126,-0.689434306765159,0.13058690257583,-0.887597467395284,-1.26120184141945,-0.477306886378466,-3.72298033583868,-0.937758654839355,-2.14849351278952,-7.33162146787347,-0.435018815599872,-0.780739693606315
-0.228814148048567,-0.378251232431651,-0.361064372750888,0.387969634895785,-1.07835190721158,0.446833842382493,-0.191683132651637,-0.182194688085984,0.571851943534207,0.282529611978074,-0.817879471959903,0.0505639673815587,-0.942969632843349,-11.1558930676303,-9.87947468440302,8.37342438984958,0.172094582129254,0.377450461591892
-0.0847245605316312,-0.371876990878327,-0.468147797742893,0.118526142901564,0.547455576088564,0.177594457256139,0.407642982126405,0.0899482257325192,0.292221007381012,0.55808421831741,0.0335814335899337,0.135482774292834,1.35973666051808,-1.99517355965294,5.17276430938597,-0.130955170710278,-0.157366548230195,-0.176449390857199
0.172712824341778,0.095801192174965,0.0378807303614203,-0.252848665671781,0.689474585319905,-0.432173107857837,0.13502167302493,0.178004034221307,0.0893432953643292,-0.0411013854243298,0.479815759591323,-0.00696263602206215,0.293434792274282,0.0111870323676675,-1.16151268525952,-2.33200241525036,-0.781898981406563,-0.840449325975668
0.470500235256779,-0.211783444516426,-0.251742537507205,-0.647366666010225,0.319807164136941,-1.0881693545725,-0.0299332290599075,-0.476586282598297,-0.299737988180916,0.0734268060724892,-0.745616986882388,-0.226083281089646,-1.18511925186074,0.318441495563915,6.86613176957301,-3.48295358378839,-1.06546629069872,-0.853840378672158
-1.06759543806256,0.135068586301095,-0.106946089000932,1.15133081508441,0.567582432995159,1.18106638455982,0.564805787962645,0.98316114075379,1.05265551488995,0.683196414842285,1.50466366636874,0.679142861101216,1.79877817634906,-8.02065193870524,-10.1156232573566,12.0538238020337,1.71937619335224,1.89700856393593
-0.953714250949046,0.0179761225819874,-0.106606580370732,0.98577953155986,0.156389944473945,1.0510675272764,0.340758021782741,0.631449375215067,0.692471850175691,0.574265813276938,1.03562687733183,0.354567143613322,1.13849690537798,-1.67588961778162,-5.7916458647976,9.48303297999128,1.67664105881696,1.7951147563589
0.411445492984967,0.268139012150231,-0.0568808274659678,-0.470003903842023,0.637959447828732,-0.764350899264928,0.163166245005187,0.00979962507941022,0.261601683300255,0.266259098076106,-0.243727830525981,0.111643192605143,0.396560779332571,-2.16705207063397,-1.99871674642816,-1.91671009430526,-0.79011507978445,-0.691732378924711
0.515446940675165,-0.0135750521446594,-0.105927388139607,-0.617439060627688,0.271108181634253,-0.68388993031835,0.0754041460493168,-0.509498436892438,-0.0138706603116237,0.115293499185374,-0.585807078386407,-0.0515276172642474,-0.352476920310429,-3.34996828687848,5.30815052334151,-4.22175268053003,-1.00539802448128,-0.882860878637905
0.41276549972252,-0.403223358298688,-0.407661943359446,-0.568491897718147,-0.234685395450647,-1.13847753531818,0.155839229384409,-0.702642055128538,-0.41837533604312,0.143722382966177,-0.796303663080051,-0.424633596094389,-0.847131639766281,-1.20062299297967,-1.40371773110117,-7.58025536955247,-1.72561387503645,-2.13205935984707
-1.22224043195665,-0.13045189000326,-0.307581734279607,1.34399952452707,0.484429347710726,1.27297106522476,0.855064700789016,0.936358303498719,0.921736017932591,0.827386010663528,1.56752152927362,0.700785679320947,2.74144042953427,-6.46255758948792,-10.0653996512725,11.6507255553783,1.74894108233509,1.84812285578851
0.0301133505162199,-0.177972376813602,-0.113715162314301,-0.0719403218666892,-0.506984404030753,0.289899551674224,-0.283304395160679,-0.325035022128827,0.0122762763145841,-0.144292410660796,-0.443666427172638,-0.145352294001533,-1.03863233619049,-1.53396947188143,4.61305651417804,-0.161942522864373,0.252807011247918,0.272024794624582
0.238803713418305,0.177702830867944,-0.0312075338278661,-0.33780868492585,0.759703437709377,-0.576330157211319,0.0772485682955734,0.154661386352768,0.168370569390743,0.139294167164104,0.167478741334614,0.0489785403958092,0.040430517360282,-1.32710615013182,-1.09674735411555,-1.29331655059309,-0.682599668663762,-0.640469021880843
1.21475529060059,1.82308085928566,2.05436807916151,-1.02046630148542,-0.984431797697711,0.159120290264308,-1.70534559202742,0.248521370017389,-0.219707826316055,-2.78399735803659,-0.507334498876532,-0.156795861111605,-3.56862315423085,-0.0238190178646683,-5.46974362992863,-1.50236963895891,-0.0698233274422186,0.00743770899840829
0.253557040097677,0.68262649735545,0.552895112244051,-0.29814625259176,0.533933367302367,0.13085736352681,-0.329920056358066,0.425413037605289,0.534493651683726,-0.21904282517532,0.603451883328987,0.199656524035927,-0.476266914004144,-3.49067780485133,-2.60618175659989,1.10498156784328,0.173699788896524,0.296987769170983
0.457645498977687,0.556247984745235,0.487295941470255,-0.594167625700385,0.628982456852091,-0.916405814861964,-0.136668095678037,-0.00121926562458639,0.0789765684840335,-0.263026524424133,0.23926655446933,-0.0076119492689498,-0.948538223574454,-0.390142137353202,-1.64153811682916,-2.16461704755836,-0.742155058612785,-0.601593188131683
-0.00116878466196465,0.323685825649092,0.289443249410943,0.0346570800310869,0.587739971860555,0.297739749130821,0.247753093398193,0.504457780415625,0.152076030684935,-0.417750812376491,0.720519196075249,0.325559692137168,1.21599355551497,-0.0712474209470727,-2.09263667823837,1.49648102059386,0.156595861507087,0.36847323713658
0.228153044835484,0.151922407789523,0.0243282463817064,-0.302191995873678,0.737762807528255,-0.225377571805245,0.0417961940990383,0.143217242460654,-0.132024681578242,0.137280157078676,0.253699721874747,0.00413869365351982,0.622618875027226,8.05652439839781,7.99781058900569,-4.73219705666004,0.0223915626829292,0.00349970079859506
-1.20205685990496,-0.7951311366861,-0.656167158903196,1.40212024044434,-0.430802382969358,1.07156703886701,1.12997538139081,0.601973762887123,0.610725956897441,0.642012047985334,0.674860019636366,0.515400324126809,2.67331603725655,-7.55333592480291,-14.1195025827325,12.1240714295002,0.706104084042683,0.947853266250927
-0.872423430926626,-0.0918043484197149,-0.156861308605735,0.942555446538821,0.455280461834958,0.982448364961247,0.412350840898321,0.824596441302748,0.870768767947764,0.590560410968218,1.29344075735666,0.44381396554738,1.47819290674791,-6.4520643286205,-8.30077122689284,9.22228516235423,1.05652029109101,1.06157844624513
-0.27211001494693,-0.478599867329647,-0.421324613231723,0.244580603643407,-1.64739194429587,0.640839456519836,-0.516200413670598,-0.777479167010637,0.100357070772279,0.133010252021046,-1.13220960871679,-0.292422645821304,-1.73699552921291,-4.39034652356625,-4.24740777016252,2.29134565410273,0.687526288579981,0.64141286322733
0.359461457561385,0.36480205157681,0.0783411791438924,-0.433843022381134,-0.25535047879836,0.0974956120928077,-0.58094156317286,-0.49731140290509,-0.0272178058296893,0.0387874262367195,-0.557550374778531,-0.0180898527527385,-1.11200632301447,-0.471433021754337,6.00403704872679,-1.95241422368935,0.830298940285134,0.93413502510664
-1.09148945751017,-0.99231753876652,-0.778140847374828,1.2744484479787,-0.478689487470283,0.78338372218952,1.26112406590954,0.486055478615668,0.630411557668932,0.661377775870944,0.370024506177756,0.472709662089548,2.41875403594648,-10.620143525031,-15.9470267998217,12.2753644495514,-0.0144442449915495,0.342754580223257
-0.991439207187946,-0.900615033090899,-0.727820276296729,1.15754534535823,-0.140552507208987,0.782107729136467,1.42381685963546,0.388849640424438,0.155788237222987,0.747359959869109,0.913943857999725,0.354798247848645,3.8642806523214,-2.29281420829619,-8.8604411541934,2.71611793240352,0.021721680180654,-0.278432514951384
0.676609999224315,0.362692948154172,0.179933776560938,-0.733522747157034,-0.573689204695507,-0.193457351573152,-1.04552461670944,-0.557760192853302,-0.253584360854329,-0.319110343567089,-1.10661349539646,-0.29914421020391,-2.33568605054576,0.661926502828396,6.63089578667182,-3.75540232246375,0.188709866518418,0.200401988710038
0.746533681870761,1.00788108972402,0.913256972370739,-0.713913845259088,-0.869900233174445,-0.294147281597151,-1.00347258926193,-0.445965537982636,0.011479894767491,-0.659330246559545,-0.77778981825109,-0.243511089883396,-2.46284066047813,-0.890987499541772,-2.68409351347709,-3.90604152744577,0.168452999804706,-0.0573376834405734
0.795250974444791,0.0125647027707909,-0.100242807474345,-0.872539715873975,-1.49186750622236,-0.537804407476907,-1.01692821863536,-1.2296536468663,-0.25631961235022,-0.238884727230266,-1.98384976175048,-0.580367413055137,-3.19743784684414,-3.39122905166849,-1.49925778742986,-5.49663128016096,-0.727121074142966,-0.872903279985856
-0.47776111395041,-0.718991479582991,-0.272256525173506,0.417808037076223,-0.497769750644042,0.391149271652224,0.159400487394275,-0.0893645993656744,-0.782270793665877,-0.152429148069849,0.527688814198246,-0.257392936604914,-0.0122012240772035,8.56034379424395,5.19273311984404,-2.07288565105237,0.232449050448555,0.00793819701519931
0.339391457139286,0.215723491877801,0.156668400625164,-0.332633443120054,0.582882313000769,-0.321321830628941,0.101562606402857,0.105352829788345,-0.315918719538039,-0.0722468147066261,-0.0750529381748628,0.068066451785604,0.894345330877883,7.9185295023865,7.33980077158594,-4.31323408848683,-0.119162382060264,-0.0760015624758616
0.71621917742447,0.653676726752881,0.395889308292546,-0.791551187751444,0.291727371454466,-0.149676829895059,-1.01480709475089,-0.0233094272493976,0.096991751147505,0.038728323385155,-0.360624203024097,-0.27778549404526,-1.45926451165376,7.92820737485409,9.42489865926996,-7.48166642331645,0.28606290589657,-0.00756785074360504
0.931244899378378,0.167556017380562,-0.144250041301727,-1.04441283847199,0.0338299290022102,-1.27745620966817,-0.434204066427247,-0.670891163173323,-0.285627068046137,-0.149727709946218,-1.85950766897493,-0.254680583402084,-1.76902762772201,-0.963920393657201,7.09842337224191,-4.30835899355705,-1.15064567088019,-0.903391674394935
-0.313508776749229,-0.0293078059693545,-0.205046094138754,0.19754470669536,-1.21216452956279,1.03021015841153,-0.767238757209722,-0.751636210000561,0.217119585363554,0.470966249602497,-0.630189155379409,-0.18574322867823,-1.49658023586615,0.237455421128532,5.52028392243713,1.2375528111188,2.12900682872651,2.04602100915845
0.775173510272517,0.678274339837859,0.669897591340553,-0.793909567060249,-0.405250775029776,-0.919405587933582,-0.621851674209129,-0.39231832305422,-0.0511159194182555,-0.603032531006687,-0.68652035122232,-0.199061299196943,-2.03035388712202,-1.55839323313741,-4.11685529072687,-3.31832373829895,-0.939618388566502,-0.854249474709217
-0.363363743523238,-0.0458714087610159,0.0462566738080382,0.439399334410059,0.917705617647062,0.5107347756891,0.549303026931575,0.628715047606313,0.26859944704773,0.296030204709013,1.30907060400995,0.275882202697648,1.91752503691878,1.02775496606318,4.54964458666546,0.959778112001391,0.331902870664618,0.215312513036806
-1.23090888715742,-0.801287860415203,-0.665225272905319,1.38712372318142,-0.755436433247029,1.24994926442749,0.763377105680351,0.328112965367408,0.543128533384831,0.844052671621909,0.553550154984528,0.286938614034934,1.98038174490857,-5.22766826076398,-10.9042120006918,9.74364467316586,1.23294791422334,1.14589791595138
-0.94801660709936,-0.125449291843046,-0.235314595284049,1.06391482916797,0.513536611874133,1.02715781259423,0.683257396631266,0.909023270752959,0.910491424598964,0.662152308991238,1.27962256521864,0.562953682849214,2.12623057066151,-7.23403738358183,-9.62200659600261,10.1429439943499,0.984396589519815,1.08788809887049
0.56551802442005,0.597184289404383,0.569671813258037,-0.682079632676021,0.82676259665105,-0.916963729415692,-0.330796338237729,-0.103043816855848,-0.340461774743293,-0.227778628892537,0.226088472559355,-0.156020166996085,-0.851871390306998,9.31465901544584,9.96457584849004,-6.40083633140876,-0.183070871908105,-0.185675198226713
0.46123444990417,-0.507154750648424,-0.429680064504658,-0.623769693992635,0.622941061549995,-1.03534790568316,0.0152566148803678,-0.205295671431262,-0.177612191127919,0.251912822105797,-0.57670453831241,-0.27989475159886,-0.504184968520937,0.553511807292097,7.30506753577988,-4.90770633616685,-1.61909395356872,-1.64669795197496
0.543122264750819,0.199133765288011,0.194272199274839,-0.685755887377496,0.0896246986174258,-1.08469843625242,-0.147731395099164,-0.723482975330733,-0.455811907621408,0.0966427431809217,-0.594390822013571,-0.328605585587363,-1.1245813222819,7.89708070011417,8.47203502716535,-7.88744367510731,-0.616480518540072,-0.662605333396279
-0.982047633054812,0.0855632144347961,-0.16820653539114,1.02757181874156,0.556478376756336,1.13507520992398,0.76558912777278,0.724263641169172,0.755050178567355,0.751505661141454,1.63538070168371,0.600469710955482,2.34187594167042,-2.19009725890418,-5.89434867606991,4.69329031685941,1.77346206443755,1.77891203525
0.163458949368661,-0.943383825271289,-0.581846420712463,-0.115830998989834,-0.943285676617763,0.0162226332421164,0.109844948864454,-0.309094632495715,-0.147095283769183,-0.20133932165415,-0.951080262285155,-0.240723271893708,-0.164151826631543,-6.1961317158427,-5.16115263338359,-1.26121808985038,-1.62180772586248,-1.71620534338206
-0.898695499677206,-0.522639252057278,-0.549199893543274,0.925845602341646,-0.745507023261966,0.866901757414317,0.508944227489313,-0.0515137681592228,0.341752076565087,0.780169879766321,0.288004631735151,0.179313480207091,1.08613653854063,-1.37364344633008,-5.93436320959522,3.98914216668052,1.37885918596795,1.34903882250675
0.436824506985404,0.223244639329185,0.292132722196658,-0.53894540541079,0.79932239661418,-0.397029534951485,-0.153701235138441,0.160367116344412,-0.0702020028279723,-0.438092480548536,0.342724865711439,-0.0591708281371729,-0.548680629468038,0.714915834723483,6.44499757887438,-3.26392587478625,-0.767970587395304,-0.697148416316702
-0.0147077827921372,0.0331927915833851,0.0709374291482787,0.0357290725377171,0.618501848733566,0.186246057068226,0.0560059819816614,0.258038255242143,0.310208387766545,0.291288930961974,0.487793560661638,0.0578158877847592,0.687421344254927,1.38114360023807,6.1886010891679,-0.870015409738643,0.270095806733564,0.147174058016822
0.758642544438771,0.338201830667204,-0.0415034875018852,-0.919492699416157,0.409110151731528,-1.28348463607175,-0.139116842816599,-0.758120497042613,-0.424475476463987,0.0734619094490306,-0.910742044052444,-0.131829595302625,-0.976143589693007,0.153522541444288,7.48902950376061,-6.41711146938574,-0.886208934326773,-0.725346257695783
0.71186584489803,0.853195295580218,0.821365300322034,-0.623719109379409,-0.758647832892619,-0.283316731745043,-0.757336320466343,-0.352716178641778,0.290013542652282,-0.550703191297201,-0.727505229988152,-0.145756294657054,-2.04218066132523,-3.48148022437796,-4.01282664241746,-2.47983707450099,-0.0539762213476774,-0.191568490587901
0.354696748769625,0.146500738151104,-0.08106597996116,-0.414303226933078,-0.300271476937018,0.0551861764434169,-0.59449061041917,-0.240797326792649,0.434119869170403,0.166473821771621,-0.726701965379798,-0.111784126722396,-1.18364058315108,-4.36974705319,-1.65581267663859,-1.09522586636306,-0.0202775460912139,-0.0937240671444871
0.0620814319701228,-0.133599417445821,-0.339821172670305,-0.0846929079840373,0.341764164693785,0.300292261945273,0.0757336128105245,0.229760407495932,0.527395969949822,0.487949481738519,-0.0221193586736601,0.082911514749889,0.936963852198207,-3.3023500492331,-1.28317188016577,-0.736993544919813,-0.200824927848868,-0.367715362380298
-0.604459857119621,-0.792409533741169,-0.729336013215843,0.653442439231855,-0.0679531277540267,0.515678099247808,0.864368064376061,-0.0604056934619902,0.204567611029054,0.721032186102231,0.436091879154024,0.170805114496481,2.00858977838943,-3.31367333042803,-3.1871667567822,1.75613193747885,0.0617713389655253,-0.0180927366036787
-0.745495738699724,-0.756460599335665,-0.586129784156495,0.82176028336601,0.529489783606801,0.419905264961605,1.08375785178217,0.584201047202512,0.361608041313083,0.602116047698851,0.952514108503966,0.295469263680967,2.29764007310689,-4.47335234636301,-5.67877718473455,7.21161366437844,-0.287523860241907,-0.230659431512891
-0.445740936850238,-0.0648446259053585,-0.0434200194712719,0.4083361359597,0.294383199161435,0.853186014335268,-0.320747869942384,0.403300142668897,0.141756493157265,0.416126302666815,0.737254366924653,-0.0980404629664349,0.425731268164813,8.97926153651948,7.38633133542672,-0.241164263063714,1.28299224588735,1.00517553861786
-0.926589907156448,0.129043159129636,-0.087828975882542,0.913363446021572,1.05217630461643,1.03368861602619,0.802962968040892,0.939696372633531,0.781392642873622,0.684709723820968,2.09314531070866,0.639969562926599,2.50168526227454,-1.83207426008624,-4.46657946055262,4.52989827326796,1.48862745394109,1.55526955105796
-1.19032067102979,-0.0759107963348432,-0.0957760735668804,1.31587706350232,1.1779451469369,1.00844401526111,1.3391511493117,1.12152743698086,0.35808603168338,0.765363503826885,2.3526165538039,0.610275203702448,4.39970381520948,8.10198807253643,-2.57686196019831,3.5835965835907,1.45667768275741,1.3410578783954
-0.052699852929106,-0.0562039823339962,-0.123129092247183,0.0507963469583395,-0.269815085560573,0.2386927461184,0.244952647805171,-0.219304914488314,-0.253555029354038,-0.111978998670846,-0.0898374526192824,0.106637410526621,0.608846720257639,0.512842031706799,4.4263120807122,-1.1470089353429,0.551485519373496,0.544923712310088
0.844660444081607,0.879802704736645,0.802810386489602,-0.857582409472388,-0.971755189835813,-0.933322435698375,-0.752112805963681,-0.793210532349869,-0.914373750053362,-1.12431462841531,-1.10797567264845,-0.257434744450392,-2.45204592553822,0.986529668612017,-2.54815937860997,-4.64236052731369,-0.554472210714813,-0.471728768050977
0.489687718646425,-0.338552242336452,-0.311410467879691,-0.60667056476388,0.628186291791106,-0.448948008376579,0.0537425977377128,0.00148714758779363,-0.372875033755165,-0.0600693882730741,-0.0725062359076706,-0.197936200091593,0.487715131221374,-0.448015407228653,6.57918792920593,-7.81801155763085,-1.76148195757083,-2.1327707591781
0.0230569224976571,-0.146832045277236,-0.0779563241802056,-0.00411278985459489,0.352911098775562,-0.109510636882935,0.255594005832255,-0.0677636157240441,-0.21638286208728,0.148770460794463,0.190087312901036,-0.0523800221194913,0.852459810349393,2.89612393859815,6.81542929692118,-2.77355485825991,-0.0737827900297189,-0.239070526077736
0.419717360142743,-0.692880324096739,-0.448406886687284,-0.594071240397849,-0.276419748065242,-1.25111983753775,-0.00164260796647269,-0.564658975886504,-0.344401556098754,-0.0236578753801966,-0.980581719106733,-0.383913935438997,-1.58467981803775,-2.14560172784614,-1.95947781027388,-2.55347027861867,-2.01030064963594,-1.80637250726773
0.527875476910269,0.253796311298556,-0.00249208948825355,-0.653407167696955,0.518990337266099,-0.865218842696795,-0.0218224549376923,-0.501878635592264,-0.379966680137372,-0.130440546774056,-0.39752445006126,-0.0404401381007483,-0.442711679855461,0.704757078971835,7.47262102461338,-5.15240930271211,-0.490156205248963,-0.389149536659753
0.616035799943499,0.19666970246709,-0.115587317053548,-0.688366847172281,0.129083199912637,-0.726283063823911,-0.141892413679925,-0.708083355741407,-0.272757353887419,0.157602100193218,-0.78685160416694,-0.192775297248255,-0.33793996325199,1.08654212120924,7.69041354911856,-7.0157079538453,-0.631115877041903,-0.691483453349365
0.164195059144298,0.121467066525475,0.0774050014374891,-0.104633542201628,-1.13765073301982,0.0597355788508215,-0.771550569424192,-0.390486612459866,-0.1668103339003,-0.221979740559839,-0.944092873233137,-0.235103043589367,-1.96131653816484,-0.490530951034864,-3.17092360775044,0.98036124444753,0.472162146403016,0.476397428070557
-0.882300305624053,-0.596156807754852,-0.545575967619854,1.03548103976091,-0.74732100684255,1.09895733151202,0.527542508209898,0.240507633721084,0.634475545887665,0.611861383784043,0.225931119520149,0.309521874807934,1.30614116022659,-7.83175732283106,-10.9066154573154,9.39273881553033,0.993290535282809,1.04936430794016
-0.403042390092806,0.646505630953071,1.02807458111195,0.615656600164413,-1.1534083912364,0.925929171698891,-0.709062286930665,0.196885722822528,0.291063917652739,-0.829664058294758,0.267828197688137,-0.0361511066734975,-1.73384479350062,-0.95642520862089,-8.5298733397846,8.65842237234722,1.37038057842938,1.42467173397104
0.284552262588913,-0.632742475239791,-0.57460735978645,-0.276371498725374,-0.405005013497535,-0.0119380350831698,0.0136208208875723,-0.601596576770197,-0.0890822298532764,0.294041502702513,-0.93921493169892,-0.155610239570879,-0.0101621703743156,-2.63098936734885,5.82283761603733,-2.76742308276364,-0.635125591763855,-0.549527899797598
